i j d[nm] fc
1 4 0.8786 8.0000
1 6 1.3044 8.0000
1 1118 1.4601 8.0000
1 1120 1.3869 8.0000
2 5 0.9984 8.0000
2 6 0.8620 8.0000
2 7 1.2515 8.0000
2 8 1.2574 8.0000
2 1112 1.4747 8.0000
2 1114 1.2751 8.0000
2 1116 1.1219 8.0000
2 1117 1.4487 8.0000
2 1118 0.9998 8.0000
2 1119 1.4759 8.0000
2 1120 0.9044 8.0000
3 6 0.9121 8.0000
3 8 1.3343 8.0000
3 1118 1.4375 8.0000
3 1120 1.3406 8.0000
4 7 0.8308 8.0000
4 8 0.8620 8.0000
4 9 1.3201 8.0000
4 10 1.2574 8.0000
4 1110 1.4747 8.0000
4 1112 1.2751 8.0000
4 1114 1.1219 8.0000
4 1115 1.4601 8.0000
4 1116 0.9997 8.0000
4 1117 1.3547 8.0000
4 1118 0.9045 8.0000
4 1119 1.3502 8.0000
4 1120 0.8585 8.0000
5 8 0.9207 8.0000
5 10 1.3470 8.0000
5 1116 1.4758 8.0000
5 1118 1.3502 8.0000
5 1120 1.2289 8.0000
6 9 0.8942 8.0000
6 10 0.8620 8.0000
6 11 1.3611 8.0000
6 12 1.2573 8.0000
6 1108 1.4747 8.0000
6 1110 1.2752 8.0000
6 1112 1.1219 8.0000
6 1114 0.9997 8.0000
6 1115 1.3869 8.0000
6 1116 0.9044 8.0000
6 1117 1.2360 8.0000
6 1118 0.8586 8.0000
6 1119 1.2289 8.0000
6 1120 0.9083 8.0000
7 10 0.8879 8.0000
7 12 1.3195 8.0000
7 1112 1.4487 8.0000
7 1114 1.3547 8.0000
7 1116 1.2361 8.0000
7 1117 1.4633 8.0000
7 1118 1.1263 8.0000
7 1119 1.2718 8.0000
7 1120 1.1011 8.0000
8 11 0.9356 8.0000
8 12 0.8620 8.0000
8 13 1.4132 8.0000
8 14 1.2573 8.0000
8 1106 1.4747 8.0000
8 1108 1.2752 8.0000
8 1110 1.1219 8.0000
8 1112 0.9998 8.0000
8 1113 1.4374 8.0000
8 1114 0.9044 8.0000
8 1115 1.2872 8.0000
8 1116 0.8585 8.0000
8 1117 1.1261 8.0000
8 1118 0.9083 8.0000
8 1119 1.1946 8.0000
8 1120 1.0825 8.0000
9 12 0.8786 8.0000
9 14 1.3043 8.0000
9 1110 1.4601 8.0000
9 1112 1.3869 8.0000
9 1114 1.2872 8.0000
9 1116 1.1943 8.0000
9 1117 1.2896 8.0000
9 1118 1.1808 8.0000
9 1119 1.2043 8.0000
9 1120 1.3168 8.0000
10 13 0.9984 8.0000
10 14 0.8620 8.0000
10 15 1.2515 8.0000
10 16 1.2574 8.0000
10 1104 1.4747 8.0000
10 1106 1.2752 8.0000
10 1108 1.1219 8.0000
10 1109 1.4487 8.0000
10 1110 0.9998 8.0000
10 1111 1.4759 8.0000
10 1112 0.9045 8.0000
10 1113 1.3407 8.0000
10 1114 0.8585 8.0000
10 1115 1.1943 8.0000
10 1116 0.9083 8.0000
10 1117 1.1012 8.0000
10 1118 1.0825 8.0000
10 1119 1.3268 8.0000
10 1120 1.3630 8.0000
11 14 0.9121 8.0000
11 16 1.3344 8.0000
11 1110 1.4375 8.0000
11 1112 1.3407 8.0000
11 1114 1.2457 8.0000
11 1115 1.3966 8.0000
11 1116 1.2246 8.0000
11 1117 1.2022 8.0000
11 1118 1.3510 8.0000
11 1119 1.3750 8.0000
12 15 0.8308 8.0000
12 16 0.8620 8.0000
12 17 1.3201 8.0000
12 18 1.2574 8.0000
12 1102 1.4747 8.0000
12 1104 1.2752 8.0000
12 1106 1.1219 8.0000
12 1107 1.4601 8.0000
12 1108 0.9998 8.0000
12 1109 1.3548 8.0000
12 1110 0.9045 8.0000
12 1111 1.3502 8.0000
12 1112 0.8586 8.0000
12 1113 1.2456 8.0000
12 1114 0.9083 8.0000
12 1115 1.1808 8.0000
12 1116 1.0825 8.0000
12 1117 1.2353 8.0000
12 1118 1.3630 8.0000
13 16 0.9206 8.0000
13 18 1.3470 8.0000
13 1108 1.4758 8.0000
13 1110 1.3502 8.0000
13 1112 1.2289 8.0000
13 1113 1.3718 8.0000
13 1114 1.1946 8.0000
13 1115 1.2043 8.0000
13 1116 1.3268 8.0000
13 1117 1.2971 8.0000
14 17 0.8942 8.0000
14 18 0.8620 8.0000
14 19 1.3612 8.0000
14 20 1.2574 8.0000
14 1100 1.4747 8.0000
14 1102 1.2752 8.0000
14 1104 1.1219 8.0000
14 1106 0.9998 8.0000
14 1107 1.3869 8.0000
14 1108 0.9045 8.0000
14 1109 1.2361 8.0000
14 1110 0.8586 8.0000
14 1111 1.2290 8.0000
14 1112 0.9083 8.0000
14 1113 1.2245 8.0000
14 1114 1.0825 8.0000
14 1115 1.3169 8.0000
14 1116 1.3630 8.0000
15 18 0.8879 8.0000
15 20 1.3195 8.0000
15 1104 1.4487 8.0000
15 1106 1.3548 8.0000
15 1108 1.2360 8.0000
15 1109 1.4632 8.0000
15 1110 1.1262 8.0000
15 1111 1.2718 8.0000
15 1112 1.1011 8.0000
15 1113 1.2022 8.0000
15 1114 1.2353 8.0000
15 1115 1.3141 8.0000
16 19 0.9356 8.0000
16 20 0.8620 8.0000
16 21 1.4133 8.0000
16 22 1.2574 8.0000
16 1098 1.4747 8.0000
16 1100 1.2751 8.0000
16 1102 1.1219 8.0000
16 1104 0.9998 8.0000
16 1105 1.4374 8.0000
16 1106 0.9045 8.0000
16 1107 1.2872 8.0000
16 1108 0.8585 8.0000
16 1109 1.1262 8.0000
16 1110 0.9083 8.0000
16 1111 1.1946 8.0000
16 1112 1.0825 8.0000
16 1113 1.3509 8.0000
16 1114 1.3630 8.0000
17 20 0.8786 8.0000
17 22 1.3044 8.0000
17 1102 1.4601 8.0000
17 1104 1.3870 8.0000
17 1106 1.2873 8.0000
17 1108 1.1943 8.0000
17 1109 1.2896 8.0000
17 1110 1.1808 8.0000
17 1111 1.2043 8.0000
17 1112 1.3168 8.0000
17 1113 1.4007 8.0000
18 21 0.9984 8.0000
18 22 0.8620 8.0000
18 23 1.2515 8.0000
18 24 1.2574 8.0000
18 1096 1.4747 8.0000
18 1098 1.2752 8.0000
18 1100 1.1219 8.0000
18 1101 1.4486 8.0000
18 1102 0.9998 8.0000
18 1103 1.4758 8.0000
18 1104 0.9044 8.0000
18 1105 1.3407 8.0000
18 1106 0.8586 8.0000
18 1107 1.1942 8.0000
18 1108 0.9083 8.0000
18 1109 1.1011 8.0000
18 1110 1.0825 8.0000
18 1111 1.3268 8.0000
18 1112 1.3630 8.0000
19 22 0.9122 8.0000
19 24 1.3344 8.0000
19 1102 1.4376 8.0000
19 1104 1.3408 8.0000
19 1106 1.2457 8.0000
19 1107 1.3965 8.0000
19 1108 1.2246 8.0000
19 1109 1.2022 8.0000
19 1110 1.3510 8.0000
19 1111 1.3750 8.0000
20 23 0.8309 8.0000
20 24 0.8620 8.0000
20 25 1.3201 8.0000
20 26 1.2574 8.0000
20 1094 1.4747 8.0000
20 1096 1.2751 8.0000
20 1098 1.1219 8.0000
20 1099 1.4601 8.0000
20 1100 0.9997 8.0000
20 1101 1.3547 8.0000
20 1102 0.9045 8.0000
20 1103 1.3502 8.0000
20 1104 0.8586 8.0000
20 1105 1.2457 8.0000
20 1106 0.9084 8.0000
20 1107 1.1807 8.0000
20 1108 1.0825 8.0000
20 1109 1.2353 8.0000
20 1110 1.3630 8.0000
21 24 0.9207 8.0000
21 26 1.3470 8.0000
21 1100 1.4759 8.0000
21 1102 1.3502 8.0000
21 1104 1.2290 8.0000
21 1105 1.3718 8.0000
21 1106 1.1946 8.0000
21 1107 1.2043 8.0000
21 1108 1.3268 8.0000
21 1109 1.2972 8.0000
22 25 0.8942 8.0000
22 26 0.8620 8.0000
22 27 1.3610 8.0000
22 28 1.2574 8.0000
22 1092 1.4747 8.0000
22 1094 1.2752 8.0000
22 1096 1.1219 8.0000
22 1098 0.9998 8.0000
22 1099 1.3869 8.0000
22 1100 0.9045 8.0000
22 1101 1.2360 8.0000
22 1102 0.8586 8.0000
22 1103 1.2289 8.0000
22 1104 0.9083 8.0000
22 1105 1.2245 8.0000
22 1106 1.0825 8.0000
22 1107 1.3168 8.0000
22 1108 1.3630 8.0000
23 26 0.8879 8.0000
23 28 1.3196 8.0000
23 1096 1.4487 8.0000
23 1098 1.3548 8.0000
23 1100 1.2361 8.0000
23 1101 1.4632 8.0000
23 1102 1.1262 8.0000
23 1103 1.2718 8.0000
23 1104 1.1012 8.0000
23 1105 1.2023 8.0000
23 1106 1.2353 8.0000
23 1107 1.3141 8.0000
24 27 0.9355 8.0000
24 28 0.8620 8.0000
24 29 1.4133 8.0000
24 30 1.2574 8.0000
24 1090 1.4747 8.0000
24 1092 1.2752 8.0000
24 1094 1.1219 8.0000
24 1096 0.9998 8.0000
24 1097 1.4375 8.0000
24 1098 0.9045 8.0000
24 1099 1.2872 8.0000
24 1100 0.8586 8.0000
24 1101 1.1261 8.0000
24 1102 0.9084 8.0000
24 1103 1.1945 8.0000
24 1104 1.0825 8.0000
24 1105 1.3509 8.0000
24 1106 1.3630 8.0000
25 28 0.8786 8.0000
25 30 1.3043 8.0000
25 1094 1.4600 8.0000
25 1096 1.3869 8.0000
25 1098 1.2872 8.0000
25 1100 1.1943 8.0000
25 1101 1.2895 8.0000
25 1102 1.1807 8.0000
25 1103 1.2042 8.0000
25 1104 1.3168 8.0000
25 1105 1.4007 8.0000
26 29 0.9984 8.0000
26 30 0.8620 8.0000
26 31 1.2516 8.0000
26 32 1.2574 8.0000
26 1088 1.4747 8.0000
26 1090 1.2752 8.0000
26 1092 1.1219 8.0000
26 1093 1.4487 8.0000
26 1094 0.9998 8.0000
26 1095 1.4759 8.0000
26 1096 0.9045 8.0000
26 1097 1.3407 8.0000
26 1098 0.8586 8.0000
26 1099 1.1943 8.0000
26 1100 0.9084 8.0000
26 1101 1.1011 8.0000
26 1102 1.0825 8.0000
26 1103 1.3268 8.0000
26 1104 1.3630 8.0000
27 30 0.9120 8.0000
27 32 1.3343 8.0000
27 1094 1.4374 8.0000
27 1096 1.3407 8.0000
27 1098 1.2456 8.0000
27 1099 1.3965 8.0000
27 1100 1.2245 8.0000
27 1101 1.2022 8.0000
27 1102 1.3509 8.0000
27 1103 1.3750 8.0000
28 31 0.8308 8.0000
28 32 0.8620 8.0000
28 33 1.3201 8.0000
28 34 1.2574 8.0000
28 1086 1.4747 8.0000
28 1088 1.2752 8.0000
28 1090 1.1219 8.0000
28 1091 1.4601 8.0000
28 1092 0.9998 8.0000
28 1093 1.3548 8.0000
28 1094 0.9044 8.0000
28 1095 1.3502 8.0000
28 1096 0.8586 8.0000
28 1097 1.2456 8.0000
28 1098 0.9083 8.0000
28 1099 1.1807 8.0000
28 1100 1.0825 8.0000
28 1101 1.2353 8.0000
28 1102 1.3630 8.0000
29 32 0.9207 8.0000
29 34 1.3470 8.0000
29 1092 1.4759 8.0000
29 1094 1.3502 8.0000
29 1096 1.2290 8.0000
29 1097 1.3719 8.0000
29 1098 1.1946 8.0000
29 1099 1.2043 8.0000
29 1100 1.3269 8.0000
29 1101 1.2972 8.0000
30 33 0.8943 8.0000
30 34 0.8620 8.0000
30 35 1.3611 8.0000
30 36 1.2574 8.0000
30 1084 1.4747 8.0000
30 1086 1.2752 8.0000
30 1088 1.1219 8.0000
30 1090 0.9998 8.0000
30 1091 1.3869 8.0000
30 1092 0.9045 8.0000
30 1093 1.2361 8.0000
30 1094 0.8586 8.0000
30 1095 1.2290 8.0000
30 1096 0.9084 8.0000
30 1097 1.2246 8.0000
30 1098 1.0825 8.0000
30 1099 1.3168 8.0000
30 1100 1.3630 8.0000
31 34 0.8878 8.0000
31 36 1.3195 8.0000
31 1088 1.4487 8.0000
31 1090 1.3547 8.0000
31 1092 1.2360 8.0000
31 1093 1.4632 8.0000
31 1094 1.1261 8.0000
31 1095 1.2717 8.0000
31 1096 1.1012 8.0000
31 1097 1.2022 8.0000
31 1098 1.2353 8.0000
31 1099 1.3141 8.0000
32 35 0.9355 8.0000
32 36 0.8620 8.0000
32 37 1.4133 8.0000
32 38 1.2573 8.0000
32 1082 1.4747 8.0000
32 1084 1.2752 8.0000
32 1086 1.1219 8.0000
32 1088 0.9998 8.0000
32 1089 1.4375 8.0000
32 1090 0.9045 8.0000
32 1091 1.2872 8.0000
32 1092 0.8585 8.0000
32 1093 1.1262 8.0000
32 1094 0.9083 8.0000
32 1095 1.1946 8.0000
32 1096 1.0825 8.0000
32 1097 1.3509 8.0000
32 1098 1.3630 8.0000
33 36 0.8786 8.0000
33 38 1.3043 8.0000
33 1086 1.4601 8.0000
33 1088 1.3870 8.0000
33 1090 1.2872 8.0000
33 1092 1.1943 8.0000
33 1093 1.2895 8.0000
33 1094 1.1807 8.0000
33 1095 1.2042 8.0000
33 1096 1.3168 8.0000
33 1097 1.4007 8.0000
34 37 0.9985 8.0000
34 38 0.8620 8.0000
34 39 1.2516 8.0000
34 40 1.2574 8.0000
34 1080 1.4747 8.0000
34 1082 1.2752 8.0000
34 1084 1.1219 8.0000
34 1085 1.4486 8.0000
34 1086 0.9998 8.0000
34 1087 1.4759 8.0000
34 1088 0.9045 8.0000
34 1089 1.3407 8.0000
34 1090 0.8586 8.0000
34 1091 1.1943 8.0000
34 1092 0.9083 8.0000
34 1093 1.1012 8.0000
34 1094 1.0825 8.0000
34 1095 1.3269 8.0000
34 1096 1.3630 8.0000
35 38 0.9122 8.0000
35 40 1.3344 8.0000
35 1086 1.4375 8.0000
35 1088 1.3408 8.0000
35 1090 1.2457 8.0000
35 1091 1.3966 8.0000
35 1092 1.2246 8.0000
35 1093 1.2022 8.0000
35 1094 1.3509 8.0000
35 1095 1.3750 8.0000
36 39 0.8308 8.0000
36 40 0.8620 8.0000
36 41 1.3201 8.0000
36 42 1.2574 8.0000
36 1078 1.4747 8.0000
36 1080 1.2751 8.0000
36 1082 1.1219 8.0000
36 1083 1.4601 8.0000
36 1084 0.9998 8.0000
36 1085 1.3547 8.0000
36 1086 0.9045 8.0000
36 1087 1.3501 8.0000
36 1088 0.8586 8.0000
36 1089 1.2456 8.0000
36 1090 0.9083 8.0000
36 1091 1.1807 8.0000
36 1092 1.0825 8.0000
36 1093 1.2353 8.0000
36 1094 1.3630 8.0000
37 40 0.9207 8.0000
37 42 1.3470 8.0000
37 1084 1.4758 8.0000
37 1086 1.3502 8.0000
37 1088 1.2290 8.0000
37 1089 1.3718 8.0000
37 1090 1.1946 8.0000
37 1091 1.2043 8.0000
37 1092 1.3268 8.0000
37 1093 1.2971 8.0000
38 41 0.8943 8.0000
38 42 0.8620 8.0000
38 43 1.3611 8.0000
38 44 1.2574 8.0000
38 1076 1.4747 8.0000
38 1078 1.2751 8.0000
38 1080 1.1219 8.0000
38 1082 0.9997 8.0000
38 1083 1.3869 8.0000
38 1084 0.9044 8.0000
38 1085 1.2360 8.0000
38 1086 0.8585 8.0000
38 1087 1.2289 8.0000
38 1088 0.9083 8.0000
38 1089 1.2246 8.0000
38 1090 1.0825 8.0000
38 1091 1.3168 8.0000
38 1092 1.3630 8.0000
39 42 0.8879 8.0000
39 44 1.3196 8.0000
39 1080 1.4487 8.0000
39 1082 1.3548 8.0000
39 1084 1.2360 8.0000
39 1085 1.4632 8.0000
39 1086 1.1262 8.0000
39 1087 1.2717 8.0000
39 1088 1.1012 8.0000
39 1089 1.2022 8.0000
39 1090 1.2353 8.0000
39 1091 1.3141 8.0000
40 43 0.9355 8.0000
40 44 0.8620 8.0000
40 45 1.4133 8.0000
40 46 1.2573 8.0000
40 1074 1.4747 8.0000
40 1076 1.2752 8.0000
40 1078 1.1219 8.0000
40 1080 0.9997 8.0000
40 1081 1.4375 8.0000
40 1082 0.9044 8.0000
40 1083 1.2872 8.0000
40 1084 0.8585 8.0000
40 1085 1.1261 8.0000
40 1086 0.9083 8.0000
40 1087 1.1945 8.0000
40 1088 1.0825 8.0000
40 1089 1.3509 8.0000
40 1090 1.3630 8.0000
41 44 0.8786 8.0000
41 46 1.3043 8.0000
41 1078 1.4601 8.0000
41 1080 1.3869 8.0000
41 1082 1.2872 8.0000
41 1084 1.1942 8.0000
41 1085 1.2895 8.0000
41 1086 1.1807 8.0000
41 1087 1.2042 8.0000
41 1088 1.3168 8.0000
41 1089 1.4007 8.0000
42 45 0.9985 8.0000
42 46 0.8620 8.0000
42 47 1.2516 8.0000
42 48 1.2574 8.0000
42 1072 1.4747 8.0000
42 1074 1.2752 8.0000
42 1076 1.1220 8.0000
42 1077 1.4487 8.0000
42 1078 0.9998 8.0000
42 1079 1.4759 8.0000
42 1080 0.9045 8.0000
42 1081 1.3407 8.0000
42 1082 0.8586 8.0000
42 1083 1.1943 8.0000
42 1084 0.9083 8.0000
42 1085 1.1011 8.0000
42 1086 1.0825 8.0000
42 1087 1.3268 8.0000
42 1088 1.3630 8.0000
43 46 0.9121 8.0000
43 48 1.3343 8.0000
43 1078 1.4374 8.0000
43 1080 1.3406 8.0000
43 1082 1.2456 8.0000
43 1083 1.3965 8.0000
43 1084 1.2245 8.0000
43 1085 1.2022 8.0000
43 1086 1.3509 8.0000
43 1087 1.3750 8.0000
44 47 0.8308 8.0000
44 48 0.8620 8.0000
44 49 1.3201 8.0000
44 50 1.2574 8.0000
44 1070 1.4747 8.0000
44 1072 1.2751 8.0000
44 1074 1.1219 8.0000
44 1075 1.4601 8.0000
44 1076 0.9998 8.0000
44 1077 1.3547 8.0000
44 1078 0.9044 8.0000
44 1079 1.3501 8.0000
44 1080 0.8585 8.0000
44 1081 1.2456 8.0000
44 1082 0.9083 8.0000
44 1083 1.1807 8.0000
44 1084 1.0825 8.0000
44 1085 1.2353 8.0000
44 1086 1.3630 8.0000
45 48 0.9207 8.0000
45 50 1.3470 8.0000
45 1076 1.4759 8.0000
45 1078 1.3501 8.0000
45 1080 1.2289 8.0000
45 1081 1.3718 8.0000
45 1082 1.1945 8.0000
45 1083 1.2042 8.0000
45 1084 1.3268 8.0000
45 1085 1.2972 8.0000
46 49 0.8943 8.0000
46 50 0.8620 8.0000
46 51 1.3611 8.0000
46 52 1.2574 8.0000
46 1068 1.4747 8.0000
46 1070 1.2751 8.0000
46 1072 1.1219 8.0000
46 1074 0.9997 8.0000
46 1075 1.3869 8.0000
46 1076 0.9045 8.0000
46 1077 1.2360 8.0000
46 1078 0.8585 8.0000
46 1079 1.2289 8.0000
46 1080 0.9083 8.0000
46 1081 1.2246 8.0000
46 1082 1.0825 8.0000
46 1083 1.3168 8.0000
46 1084 1.3630 8.0000
47 50 0.8879 8.0000
47 52 1.3195 8.0000
47 1072 1.4487 8.0000
47 1074 1.3548 8.0000
47 1076 1.2361 8.0000
47 1077 1.4632 8.0000
47 1078 1.1261 8.0000
47 1079 1.2717 8.0000
47 1080 1.1012 8.0000
47 1081 1.2022 8.0000
47 1082 1.2353 8.0000
47 1083 1.3141 8.0000
48 51 0.9355 8.0000
48 52 0.8620 8.0000
48 53 1.4132 8.0000
48 54 1.2573 8.0000
48 1066 1.4747 8.0000
48 1068 1.2752 8.0000
48 1070 1.1219 8.0000
48 1072 0.9997 8.0000
48 1073 1.4374 8.0000
48 1074 0.9044 8.0000
48 1075 1.2872 8.0000
48 1076 0.8586 8.0000
48 1077 1.1261 8.0000
48 1078 0.9083 8.0000
48 1079 1.1945 8.0000
48 1080 1.0825 8.0000
48 1081 1.3509 8.0000
48 1082 1.3630 8.0000
49 52 0.8786 8.0000
49 54 1.3043 8.0000
49 1070 1.4601 8.0000
49 1072 1.3869 8.0000
49 1074 1.2872 8.0000
49 1076 1.1943 8.0000
49 1077 1.2895 8.0000
49 1078 1.1807 8.0000
49 1079 1.2042 8.0000
49 1080 1.3168 8.0000
49 1081 1.4007 8.0000
50 53 0.9984 8.0000
50 54 0.8620 8.0000
50 55 1.2515 8.0000
50 56 1.2573 8.0000
50 1064 1.4747 8.0000
50 1066 1.2752 8.0000
50 1068 1.1219 8.0000
50 1069 1.4487 8.0000
50 1070 0.9998 8.0000
50 1071 1.4758 8.0000
50 1072 0.9044 8.0000
50 1073 1.3406 8.0000
50 1074 0.8585 8.0000
50 1075 1.1942 8.0000
50 1076 0.9083 8.0000
50 1077 1.1011 8.0000
50 1078 1.0825 8.0000
50 1079 1.3268 8.0000
50 1080 1.3630 8.0000
51 54 0.9121 8.0000
51 56 1.3343 8.0000
51 1070 1.4374 8.0000
51 1072 1.3407 8.0000
51 1074 1.2456 8.0000
51 1075 1.3965 8.0000
51 1076 1.2246 8.0000
51 1077 1.2022 8.0000
51 1078 1.3509 8.0000
51 1079 1.3750 8.0000
52 55 0.8308 8.0000
52 56 0.8620 8.0000
52 57 1.3201 8.0000
52 58 1.2574 8.0000
52 1062 1.4747 8.0000
52 1064 1.2752 8.0000
52 1066 1.1219 8.0000
52 1067 1.4601 8.0000
52 1068 0.9998 8.0000
52 1069 1.3547 8.0000
52 1070 0.9045 8.0000
52 1071 1.3502 8.0000
52 1072 0.8585 8.0000
52 1073 1.2456 8.0000
52 1074 0.9083 8.0000
52 1075 1.1807 8.0000
52 1076 1.0825 8.0000
52 1077 1.2353 8.0000
52 1078 1.3630 8.0000
53 56 0.9206 8.0000
53 58 1.3470 8.0000
53 1068 1.4759 8.0000
53 1070 1.3501 8.0000
53 1072 1.2289 8.0000
53 1073 1.3718 8.0000
53 1074 1.1945 8.0000
53 1075 1.2042 8.0000
53 1076 1.3268 8.0000
53 1077 1.2971 8.0000
54 57 0.8942 8.0000
54 58 0.8620 8.0000
54 59 1.3611 8.0000
54 60 1.2574 8.0000
54 1060 1.4747 8.0000
54 1062 1.2752 8.0000
54 1064 1.1219 8.0000
54 1066 0.9998 8.0000
54 1067 1.3870 8.0000
54 1068 0.9045 8.0000
54 1069 1.2361 8.0000
54 1070 0.8586 8.0000
54 1071 1.2290 8.0000
54 1072 0.9083 8.0000
54 1073 1.2246 8.0000
54 1074 1.0825 8.0000
54 1075 1.3168 8.0000
54 1076 1.3630 8.0000
55 58 0.8878 8.0000
55 60 1.3195 8.0000
55 1064 1.4487 8.0000
55 1066 1.3547 8.0000
55 1068 1.2360 8.0000
55 1069 1.4632 8.0000
55 1070 1.1261 8.0000
55 1071 1.2717 8.0000
55 1072 1.1011 8.0000
55 1073 1.2022 8.0000
55 1074 1.2353 8.0000
55 1075 1.3141 8.0000
56 59 0.9356 8.0000
56 60 0.8620 8.0000
56 61 1.4133 8.0000
56 62 1.2574 8.0000
56 1058 1.4747 8.0000
56 1060 1.2752 8.0000
56 1062 1.1219 8.0000
56 1064 0.9998 8.0000
56 1065 1.4375 8.0000
56 1066 0.9045 8.0000
56 1067 1.2872 8.0000
56 1068 0.8586 8.0000
56 1069 1.1262 8.0000
56 1070 0.9083 8.0000
56 1071 1.1946 8.0000
56 1072 1.0825 8.0000
56 1073 1.3509 8.0000
56 1074 1.3630 8.0000
57 60 0.8786 8.0000
57 62 1.3043 8.0000
57 1062 1.4601 8.0000
57 1064 1.3869 8.0000
57 1066 1.2872 8.0000
57 1068 1.1943 8.0000
57 1069 1.2896 8.0000
57 1070 1.1807 8.0000
57 1071 1.2043 8.0000
57 1072 1.3168 8.0000
57 1073 1.4007 8.0000
58 61 0.9985 8.0000
58 62 0.8620 8.0000
58 63 1.2516 8.0000
58 64 1.2574 8.0000
58 1056 1.4747 8.0000
58 1058 1.2751 8.0000
58 1060 1.1219 8.0000
58 1061 1.4487 8.0000
58 1062 0.9998 8.0000
58 1063 1.4759 8.0000
58 1064 0.9045 8.0000
58 1065 1.3407 8.0000
58 1066 0.8585 8.0000
58 1067 1.1943 8.0000
58 1068 0.9083 8.0000
58 1069 1.1011 8.0000
58 1070 1.0825 8.0000
58 1071 1.3268 8.0000
58 1072 1.3630 8.0000
59 62 0.9121 8.0000
59 64 1.3344 8.0000
59 1062 1.4375 8.0000
59 1064 1.3407 8.0000
59 1066 1.2456 8.0000
59 1067 1.3965 8.0000
59 1068 1.2246 8.0000
59 1069 1.2022 8.0000
59 1070 1.3509 8.0000
59 1071 1.3750 8.0000
60 63 0.8308 8.0000
60 64 0.8620 8.0000
60 65 1.3201 8.0000
60 66 1.2573 8.0000
60 1054 1.4747 8.0000
60 1056 1.2752 8.0000
60 1058 1.1219 8.0000
60 1059 1.4600 8.0000
60 1060 0.9998 8.0000
60 1061 1.3547 8.0000
60 1062 0.9044 8.0000
60 1063 1.3502 8.0000
60 1064 0.8586 8.0000
60 1065 1.2456 8.0000
60 1066 0.9083 8.0000
60 1067 1.1807 8.0000
60 1068 1.0825 8.0000
60 1069 1.2353 8.0000
60 1070 1.3630 8.0000
61 64 0.9207 8.0000
61 66 1.3470 8.0000
61 1060 1.4759 8.0000
61 1062 1.3502 8.0000
61 1064 1.2290 8.0000
61 1065 1.3718 8.0000
61 1066 1.1946 8.0000
61 1067 1.2042 8.0000
61 1068 1.3269 8.0000
61 1069 1.2972 8.0000
62 65 0.8942 8.0000
62 66 0.8620 8.0000
62 67 1.3611 8.0000
62 68 1.2574 8.0000
62 1052 1.4747 8.0000
62 1054 1.2751 8.0000
62 1056 1.1219 8.0000
62 1058 0.9997 8.0000
62 1059 1.3869 8.0000
62 1060 0.9045 8.0000
62 1061 1.2361 8.0000
62 1062 0.8586 8.0000
62 1063 1.2290 8.0000
62 1064 0.9084 8.0000
62 1065 1.2246 8.0000
62 1066 1.0825 8.0000
62 1067 1.3168 8.0000
62 1068 1.3630 8.0000
63 66 0.8879 8.0000
63 68 1.3196 8.0000
63 1056 1.4487 8.0000
63 1058 1.3548 8.0000
63 1060 1.2362 8.0000
63 1061 1.4633 8.0000
63 1062 1.1263 8.0000
63 1063 1.2718 8.0000
63 1064 1.1012 8.0000
63 1065 1.2022 8.0000
63 1066 1.2353 8.0000
63 1067 1.3141 8.0000
64 67 0.9355 8.0000
64 68 0.8620 8.0000
64 69 1.4132 8.0000
64 70 1.2574 8.0000
64 1050 1.4747 8.0000
64 1052 1.2752 8.0000
64 1054 1.1219 8.0000
64 1056 0.9998 8.0000
64 1057 1.4375 8.0000
64 1058 0.9045 8.0000
64 1059 1.2872 8.0000
64 1060 0.8586 8.0000
64 1061 1.1261 8.0000
64 1062 0.9083 8.0000
64 1063 1.1946 8.0000
64 1064 1.0825 8.0000
64 1065 1.3509 8.0000
64 1066 1.3630 8.0000
65 68 0.8786 8.0000
65 70 1.3043 8.0000
65 1054 1.4601 8.0000
65 1056 1.3869 8.0000
65 1058 1.2872 8.0000
65 1060 1.1943 8.0000
65 1061 1.2896 8.0000
65 1062 1.1807 8.0000
65 1063 1.2043 8.0000
65 1064 1.3168 8.0000
65 1065 1.4007 8.0000
66 69 0.9985 8.0000
66 70 0.8620 8.0000
66 71 1.2516 8.0000
66 72 1.2574 8.0000
66 1048 1.4747 8.0000
66 1050 1.2751 8.0000
66 1052 1.1219 8.0000
66 1053 1.4487 8.0000
66 1054 0.9997 8.0000
66 1055 1.4759 8.0000
66 1056 0.9045 8.0000
66 1057 1.3407 8.0000
66 1058 0.8586 8.0000
66 1059 1.1943 8.0000
66 1060 0.9084 8.0000
66 1061 1.1012 8.0000
66 1062 1.0825 8.0000
66 1063 1.3269 8.0000
66 1064 1.3630 8.0000
67 70 0.9121 8.0000
67 72 1.3343 8.0000
67 1054 1.4375 8.0000
67 1056 1.3407 8.0000
67 1058 1.2457 8.0000
67 1059 1.3965 8.0000
67 1060 1.2246 8.0000
67 1061 1.2022 8.0000
67 1062 1.3509 8.0000
67 1063 1.3750 8.0000
68 71 0.8308 8.0000
68 72 0.8620 8.0000
68 73 1.3201 8.0000
68 74 1.2574 8.0000
68 1046 1.4747 8.0000
68 1048 1.2752 8.0000
68 1050 1.1219 8.0000
68 1051 1.4601 8.0000
68 1052 0.9998 8.0000
68 1053 1.3548 8.0000
68 1054 0.9045 8.0000
68 1055 1.3502 8.0000
68 1056 0.8586 8.0000
68 1057 1.2457 8.0000
68 1058 0.9084 8.0000
68 1059 1.1807 8.0000
68 1060 1.0825 8.0000
68 1061 1.2353 8.0000
68 1062 1.3630 8.0000
69 72 0.9206 8.0000
69 74 1.3470 8.0000
69 1052 1.4758 8.0000
69 1054 1.3502 8.0000
69 1056 1.2289 8.0000
69 1057 1.3718 8.0000
69 1058 1.1946 8.0000
69 1059 1.2042 8.0000
69 1060 1.3268 8.0000
69 1061 1.2971 8.0000
70 73 0.8942 8.0000
70 74 0.8620 8.0000
70 75 1.3611 8.0000
70 76 1.2574 8.0000
70 1044 1.4747 8.0000
70 1046 1.2752 8.0000
70 1048 1.1219 8.0000
70 1050 0.9998 8.0000
70 1051 1.3870 8.0000
70 1052 0.9044 8.0000
70 1053 1.2361 8.0000
70 1054 0.8586 8.0000
70 1055 1.2290 8.0000
70 1056 0.9083 8.0000
70 1057 1.2246 8.0000
70 1058 1.0825 8.0000
70 1059 1.3168 8.0000
70 1060 1.3630 8.0000
71 74 0.8879 8.0000
71 76 1.3195 8.0000
71 1048 1.4487 8.0000
71 1050 1.3548 8.0000
71 1052 1.2360 8.0000
71 1053 1.4633 8.0000
71 1054 1.1262 8.0000
71 1055 1.2718 8.0000
71 1056 1.1011 8.0000
71 1057 1.2023 8.0000
71 1058 1.2353 8.0000
71 1059 1.3141 8.0000
72 75 0.9356 8.0000
72 76 0.8620 8.0000
72 77 1.4133 8.0000
72 78 1.2574 8.0000
72 1042 1.4747 8.0000
72 1044 1.2751 8.0000
72 1046 1.1219 8.0000
72 1048 0.9998 8.0000
72 1049 1.4375 8.0000
72 1050 0.9045 8.0000
72 1051 1.2873 8.0000
72 1052 0.8586 8.0000
72 1053 1.1262 8.0000
72 1054 0.9084 8.0000
72 1055 1.1946 8.0000
72 1056 1.0825 8.0000
72 1057 1.3510 8.0000
72 1058 1.3630 8.0000
73 76 0.8786 8.0000
73 78 1.3043 8.0000
73 1046 1.4601 8.0000
73 1048 1.3869 8.0000
73 1050 1.2872 8.0000
73 1052 1.1942 8.0000
73 1053 1.2895 8.0000
73 1054 1.1807 8.0000
73 1055 1.2042 8.0000
73 1056 1.3168 8.0000
73 1057 1.4007 8.0000
74 77 0.9984 8.0000
74 78 0.8620 8.0000
74 79 1.2516 8.0000
74 80 1.2573 8.0000
74 1040 1.4747 8.0000
74 1042 1.2752 8.0000
74 1044 1.1219 8.0000
74 1045 1.4487 8.0000
74 1046 0.9998 8.0000
74 1047 1.4758 8.0000
74 1048 0.9045 8.0000
74 1049 1.3407 8.0000
74 1050 0.8585 8.0000
74 1051 1.1943 8.0000
74 1052 0.9083 8.0000
74 1053 1.1012 8.0000
74 1054 1.0825 8.0000
74 1055 1.3268 8.0000
74 1056 1.3630 8.0000
75 78 0.9122 8.0000
75 80 1.3344 8.0000
75 1046 1.4375 8.0000
75 1048 1.3408 8.0000
75 1050 1.2457 8.0000
75 1051 1.3966 8.0000
75 1052 1.2246 8.0000
75 1053 1.2022 8.0000
75 1054 1.3510 8.0000
75 1055 1.3750 8.0000
76 79 0.8309 8.0000
76 80 0.8620 8.0000
76 81 1.3201 8.0000
76 82 1.2574 8.0000
76 1038 1.4747 8.0000
76 1040 1.2752 8.0000
76 1042 1.1219 8.0000
76 1043 1.4601 8.0000
76 1044 0.9998 8.0000
76 1045 1.3547 8.0000
76 1046 0.9045 8.0000
76 1047 1.3502 8.0000
76 1048 0.8586 8.0000
76 1049 1.2457 8.0000
76 1050 0.9083 8.0000
76 1051 1.1808 8.0000
76 1052 1.0825 8.0000
76 1053 1.2353 8.0000
76 1054 1.3630 8.0000
77 80 0.9207 8.0000
77 82 1.3470 8.0000
77 1044 1.4759 8.0000
77 1046 1.3502 8.0000
77 1048 1.2290 8.0000
77 1049 1.3718 8.0000
77 1050 1.1946 8.0000
77 1051 1.2043 8.0000
77 1052 1.3268 8.0000
77 1053 1.2971 8.0000
78 81 0.8942 8.0000
78 82 0.8620 8.0000
78 83 1.3611 8.0000
78 84 1.2574 8.0000
78 1036 1.4747 8.0000
78 1038 1.2751 8.0000
78 1040 1.1219 8.0000
78 1042 0.9998 8.0000
78 1043 1.3869 8.0000
78 1044 0.9045 8.0000
78 1045 1.2360 8.0000
78 1046 0.8586 8.0000
78 1047 1.2289 8.0000
78 1048 0.9083 8.0000
78 1049 1.2245 8.0000
78 1050 1.0825 8.0000
78 1051 1.3168 8.0000
78 1052 1.3630 8.0000
79 82 0.8879 8.0000
79 84 1.3195 8.0000
79 1040 1.4487 8.0000
79 1042 1.3547 8.0000
79 1044 1.2361 8.0000
79 1045 1.4632 8.0000
79 1046 1.1262 8.0000
79 1047 1.2717 8.0000
79 1048 1.1012 8.0000
79 1049 1.2022 8.0000
79 1050 1.2353 8.0000
79 1051 1.3141 8.0000
80 83 0.9356 8.0000
80 84 0.8620 8.0000
80 85 1.4133 8.0000
80 86 1.2574 8.0000
80 1034 1.4747 8.0000
80 1036 1.2751 8.0000
80 1038 1.1219 8.0000
80 1040 0.9997 8.0000
80 1041 1.4374 8.0000
80 1042 0.9044 8.0000
80 1043 1.2872 8.0000
80 1044 0.8585 8.0000
80 1045 1.1261 8.0000
80 1046 0.9083 8.0000
80 1047 1.1946 8.0000
80 1048 1.0825 8.0000
80 1049 1.3510 8.0000
80 1050 1.3630 8.0000
81 84 0.8786 8.0000
81 86 1.3044 8.0000
81 1038 1.4601 8.0000
81 1040 1.3869 8.0000
81 1042 1.2872 8.0000
81 1044 1.1943 8.0000
81 1045 1.2895 8.0000
81 1046 1.1808 8.0000
81 1047 1.2043 8.0000
81 1048 1.3169 8.0000
81 1049 1.4007 8.0000
82 85 0.9985 8.0000
82 86 0.8620 8.0000
82 87 1.2516 8.0000
82 88 1.2573 8.0000
82 1032 1.4747 8.0000
82 1034 1.2752 8.0000
82 1036 1.1219 8.0000
82 1037 1.4487 8.0000
82 1038 0.9997 8.0000
82 1039 1.4758 8.0000
82 1040 0.9044 8.0000
82 1041 1.3407 8.0000
82 1042 0.8585 8.0000
82 1043 1.1943 8.0000
82 1044 0.9083 8.0000
82 1045 1.1011 8.0000
82 1046 1.0825 8.0000
82 1047 1.3268 8.0000
82 1048 1.3630 8.0000
83 86 0.9122 8.0000
83 88 1.3344 8.0000
83 1038 1.4375 8.0000
83 1040 1.3407 8.0000
83 1042 1.2456 8.0000
83 1043 1.3966 8.0000
83 1044 1.2246 8.0000
83 1045 1.2022 8.0000
83 1046 1.3510 8.0000
83 1047 1.3750 8.0000
84 87 0.8309 8.0000
84 88 0.8620 8.0000
84 89 1.3202 8.0000
84 90 1.2574 8.0000
84 1030 1.4747 8.0000
84 1032 1.2752 8.0000
84 1034 1.1220 8.0000
84 1035 1.4601 8.0000
84 1036 0.9998 8.0000
84 1037 1.3548 8.0000
84 1038 0.9045 8.0000
84 1039 1.3502 8.0000
84 1040 0.8586 8.0000
84 1041 1.2457 8.0000
84 1042 0.9083 8.0000
84 1043 1.1808 8.0000
84 1044 1.0825 8.0000
84 1045 1.2353 8.0000
84 1046 1.3630 8.0000
85 88 0.9207 8.0000
85 90 1.3471 8.0000
85 1036 1.4759 8.0000
85 1038 1.3502 8.0000
85 1040 1.2289 8.0000
85 1041 1.3718 8.0000
85 1042 1.1946 8.0000
85 1043 1.2043 8.0000
85 1044 1.3269 8.0000
85 1045 1.2972 8.0000
86 89 0.8942 8.0000
86 90 0.8620 8.0000
86 91 1.3611 8.0000
86 92 1.2574 8.0000
86 1028 1.4747 8.0000
86 1030 1.2751 8.0000
86 1032 1.1219 8.0000
86 1034 0.9998 8.0000
86 1035 1.3869 8.0000
86 1036 0.9044 8.0000
86 1037 1.2361 8.0000
86 1038 0.8585 8.0000
86 1039 1.2289 8.0000
86 1040 0.9083 8.0000
86 1041 1.2245 8.0000
86 1042 1.0825 8.0000
86 1043 1.3168 8.0000
86 1044 1.3630 8.0000
87 90 0.8879 8.0000
87 92 1.3196 8.0000
87 1032 1.4487 8.0000
87 1034 1.3548 8.0000
87 1036 1.2361 8.0000
87 1037 1.4633 8.0000
87 1038 1.1262 8.0000
87 1039 1.2717 8.0000
87 1040 1.1011 8.0000
87 1041 1.2022 8.0000
87 1042 1.2353 8.0000
87 1043 1.3141 8.0000
88 91 0.9356 8.0000
88 92 0.8620 8.0000
88 93 1.4133 8.0000
88 94 1.2574 8.0000
88 1026 1.4747 8.0000
88 1028 1.2751 8.0000
88 1030 1.1219 8.0000
88 1032 0.9997 8.0000
88 1033 1.4375 8.0000
88 1034 0.9045 8.0000
88 1035 1.2872 8.0000
88 1036 0.8585 8.0000
88 1037 1.1262 8.0000
88 1038 0.9083 8.0000
88 1039 1.1946 8.0000
88 1040 1.0825 8.0000
88 1041 1.3509 8.0000
88 1042 1.3630 8.0000
89 92 0.8786 8.0000
89 94 1.3043 8.0000
89 1030 1.4601 8.0000
89 1032 1.3869 8.0000
89 1034 1.2872 8.0000
89 1036 1.1942 8.0000
89 1037 1.2896 8.0000
89 1038 1.1807 8.0000
89 1039 1.2042 8.0000
89 1040 1.3168 8.0000
89 1041 1.4007 8.0000
90 93 0.9984 8.0000
90 94 0.8620 8.0000
90 95 1.2515 8.0000
90 96 1.2573 8.0000
90 1024 1.4747 8.0000
90 1026 1.2752 8.0000
90 1028 1.1219 8.0000
90 1029 1.4487 8.0000
90 1030 0.9997 8.0000
90 1031 1.4758 8.0000
90 1032 0.9044 8.0000
90 1033 1.3407 8.0000
90 1034 0.8586 8.0000
90 1035 1.1943 8.0000
90 1036 0.9083 8.0000
90 1037 1.1011 8.0000
90 1038 1.0825 8.0000
90 1039 1.3268 8.0000
90 1040 1.3630 8.0000
91 94 0.9121 8.0000
91 96 1.3343 8.0000
91 1030 1.4374 8.0000
91 1032 1.3407 8.0000
91 1034 1.2457 8.0000
91 1035 1.3965 8.0000
91 1036 1.2245 8.0000
91 1037 1.2022 8.0000
91 1038 1.3509 8.0000
91 1039 1.3750 8.0000
92 95 0.8308 8.0000
92 96 0.8620 8.0000
92 97 1.3201 8.0000
92 98 1.2573 8.0000
92 1022 1.4747 8.0000
92 1024 1.2752 8.0000
92 1026 1.1219 8.0000
92 1027 1.4601 8.0000
92 1028 0.9998 8.0000
92 1029 1.3547 8.0000
92 1030 0.9044 8.0000
92 1031 1.3501 8.0000
92 1032 0.8585 8.0000
92 1033 1.2456 8.0000
92 1034 0.9083 8.0000
92 1035 1.1807 8.0000
92 1036 1.0825 8.0000
92 1037 1.2353 8.0000
92 1038 1.3630 8.0000
93 96 0.9207 8.0000
93 98 1.3470 8.0000
93 1028 1.4759 8.0000
93 1030 1.3502 8.0000
93 1032 1.2290 8.0000
93 1033 1.3719 8.0000
93 1034 1.1946 8.0000
93 1035 1.2043 8.0000
93 1036 1.3268 8.0000
93 1037 1.2971 8.0000
94 97 0.8942 8.0000
94 98 0.8620 8.0000
94 99 1.3611 8.0000
94 100 1.2574 8.0000
94 1020 1.4747 8.0000
94 1022 1.2752 8.0000
94 1024 1.1219 8.0000
94 1026 0.9998 8.0000
94 1027 1.3870 8.0000
94 1028 0.9045 8.0000
94 1029 1.2361 8.0000
94 1030 0.8585 8.0000
94 1031 1.2289 8.0000
94 1032 0.9083 8.0000
94 1033 1.2246 8.0000
94 1034 1.0825 8.0000
94 1035 1.3168 8.0000
94 1036 1.3630 8.0000
95 98 0.8878 8.0000
95 100 1.3195 8.0000
95 1024 1.4487 8.0000
95 1026 1.3547 8.0000
95 1028 1.2360 8.0000
95 1029 1.4632 8.0000
95 1030 1.1261 8.0000
95 1031 1.2717 8.0000
95 1032 1.1011 8.0000
95 1033 1.2022 8.0000
95 1034 1.2353 8.0000
95 1035 1.3141 8.0000
96 99 0.9356 8.0000
96 100 0.8620 8.0000
96 101 1.4133 8.0000
96 102 1.2574 8.0000
96 1018 1.4747 8.0000
96 1020 1.2752 8.0000
96 1022 1.1219 8.0000
96 1024 0.9998 8.0000
96 1025 1.4375 8.0000
96 1026 0.9045 8.0000
96 1027 1.2873 8.0000
96 1028 0.8586 8.0000
96 1029 1.1262 8.0000
96 1030 0.9083 8.0000
96 1031 1.1946 8.0000
96 1032 1.0825 8.0000
96 1033 1.3510 8.0000
96 1034 1.3630 8.0000
97 100 0.8786 8.0000
97 102 1.3043 8.0000
97 1022 1.4601 8.0000
97 1024 1.3869 8.0000
97 1026 1.2872 8.0000
97 1028 1.1942 8.0000
97 1029 1.2895 8.0000
97 1030 1.1807 8.0000
97 1031 1.2042 8.0000
97 1032 1.3168 8.0000
97 1033 1.4007 8.0000
98 101 0.9985 8.0000
98 102 0.8620 8.0000
98 103 1.2516 8.0000
98 104 1.2574 8.0000
98 1016 1.4747 8.0000
98 1018 1.2752 8.0000
98 1020 1.1219 8.0000
98 1021 1.4487 8.0000
98 1022 0.9998 8.0000
98 1023 1.4759 8.0000
98 1024 0.9045 8.0000
98 1025 1.3408 8.0000
98 1026 0.8586 8.0000
98 1027 1.1943 8.0000
98 1028 0.9083 8.0000
98 1029 1.1012 8.0000
98 1030 1.0825 8.0000
98 1031 1.3268 8.0000
98 1032 1.3630 8.0000
99 102 0.9121 8.0000
99 104 1.3343 8.0000
99 1022 1.4375 8.0000
99 1024 1.3407 8.0000
99 1026 1.2457 8.0000
99 1027 1.3965 8.0000
99 1028 1.2245 8.0000
99 1029 1.2022 8.0000
99 1030 1.3509 8.0000
99 1031 1.3750 8.0000
100 103 0.8309 8.0000
100 104 0.8620 8.0000
100 105 1.3201 8.0000
100 106 1.2574 8.0000
100 1014 1.4747 8.0000
100 1016 1.2752 8.0000
100 1018 1.1219 8.0000
100 1019 1.4600 8.0000
100 1020 0.9998 8.0000
100 1021 1.3548 8.0000
100 1022 0.9045 8.0000
100 1023 1.3502 8.0000
100 1024 0.8585 8.0000
100 1025 1.2457 8.0000
100 1026 0.9083 8.0000
100 1027 1.1807 8.0000
100 1028 1.0825 8.0000
100 1029 1.2353 8.0000
100 1030 1.3630 8.0000
101 104 0.9206 8.0000
101 106 1.3470 8.0000
101 1020 1.4759 8.0000
101 1022 1.3502 8.0000
101 1024 1.2289 8.0000
101 1025 1.3718 8.0000
101 1026 1.1946 8.0000
101 1027 1.2042 8.0000
101 1028 1.3268 8.0000
101 1029 1.2971 8.0000
102 105 0.8942 8.0000
102 106 0.8620 8.0000
102 107 1.3611 8.0000
102 108 1.2573 8.0000
102 1012 1.4747 8.0000
102 1014 1.2752 8.0000
102 1016 1.1219 8.0000
102 1018 0.9998 8.0000
102 1019 1.3869 8.0000
102 1020 0.9044 8.0000
102 1021 1.2360 8.0000
102 1022 0.8586 8.0000
102 1023 1.2290 8.0000
102 1024 0.9083 8.0000
102 1025 1.2246 8.0000
102 1026 1.0825 8.0000
102 1027 1.3168 8.0000
102 1028 1.3630 8.0000
103 106 0.8879 8.0000
103 108 1.3195 8.0000
103 1016 1.4487 8.0000
103 1018 1.3548 8.0000
103 1020 1.2361 8.0000
103 1021 1.4633 8.0000
103 1022 1.1262 8.0000
103 1023 1.2718 8.0000
103 1024 1.1012 8.0000
103 1025 1.2022 8.0000
103 1026 1.2353 8.0000
103 1027 1.3141 8.0000
104 107 0.9356 8.0000
104 108 0.8620 8.0000
104 109 1.4133 8.0000
104 110 1.2574 8.0000
104 1010 1.4747 8.0000
104 1012 1.2751 8.0000
104 1014 1.1219 8.0000
104 1016 0.9998 8.0000
104 1017 1.4375 8.0000
104 1018 0.9045 8.0000
104 1019 1.2872 8.0000
104 1020 0.8586 8.0000
104 1021 1.1262 8.0000
104 1022 0.9084 8.0000
104 1023 1.1946 8.0000
104 1024 1.0825 8.0000
104 1025 1.3510 8.0000
104 1026 1.3630 8.0000
105 108 0.8786 8.0000
105 110 1.3043 8.0000
105 1014 1.4601 8.0000
105 1016 1.3870 8.0000
105 1018 1.2872 8.0000
105 1020 1.1943 8.0000
105 1021 1.2896 8.0000
105 1022 1.1808 8.0000
105 1023 1.2042 8.0000
105 1024 1.3168 8.0000
105 1025 1.4007 8.0000
106 109 0.9984 8.0000
106 110 0.8620 8.0000
106 111 1.2515 8.0000
106 112 1.2574 8.0000
106 1008 1.4747 8.0000
106 1010 1.2752 8.0000
106 1012 1.1219 8.0000
106 1013 1.4487 8.0000
106 1014 0.9998 8.0000
106 1015 1.4759 8.0000
106 1016 0.9045 8.0000
106 1017 1.3407 8.0000
106 1018 0.8586 8.0000
106 1019 1.1943 8.0000
106 1020 0.9083 8.0000
106 1021 1.1011 8.0000
106 1022 1.0825 8.0000
106 1023 1.3268 8.0000
106 1024 1.3630 8.0000
107 110 0.9121 8.0000
107 112 1.3343 8.0000
107 1014 1.4375 8.0000
107 1016 1.3407 8.0000
107 1018 1.2457 8.0000
107 1019 1.3966 8.0000
107 1020 1.2246 8.0000
107 1021 1.2023 8.0000
107 1022 1.3510 8.0000
107 1023 1.3750 8.0000
108 111 0.8309 8.0000
108 112 0.8620 8.0000
108 113 1.3201 8.0000
108 114 1.2574 8.0000
108 1006 1.4747 8.0000
108 1008 1.2751 8.0000
108 1010 1.1219 8.0000
108 1011 1.4601 8.0000
108 1012 0.9997 8.0000
108 1013 1.3548 8.0000
108 1014 0.9045 8.0000
108 1015 1.3502 8.0000
108 1016 0.8586 8.0000
108 1017 1.2457 8.0000
108 1018 0.9084 8.0000
108 1019 1.1808 8.0000
108 1020 1.0825 8.0000
108 1021 1.2353 8.0000
108 1022 1.3630 8.0000
109 112 0.9206 8.0000
109 114 1.3470 8.0000
109 1012 1.4758 8.0000
109 1014 1.3501 8.0000
109 1016 1.2289 8.0000
109 1017 1.3718 8.0000
109 1018 1.1946 8.0000
109 1019 1.2043 8.0000
109 1020 1.3268 8.0000
109 1021 1.2971 8.0000
110 113 0.8942 8.0000
110 114 0.8620 8.0000
110 115 1.3611 8.0000
110 116 1.2574 8.0000
110 1004 1.4747 8.0000
110 1006 1.2752 8.0000
110 1008 1.1219 8.0000
110 1010 0.9998 8.0000
110 1011 1.3870 8.0000
110 1012 0.9045 8.0000
110 1013 1.2362 8.0000
110 1014 0.8586 8.0000
110 1015 1.2290 8.0000
110 1016 0.9084 8.0000
110 1017 1.2246 8.0000
110 1018 1.0825 8.0000
110 1019 1.3168 8.0000
110 1020 1.3630 8.0000
111 114 0.8878 8.0000
111 116 1.3195 8.0000
111 1008 1.4487 8.0000
111 1010 1.3547 8.0000
111 1012 1.2361 8.0000
111 1013 1.4633 8.0000
111 1014 1.1261 8.0000
111 1015 1.2718 8.0000
111 1016 1.1011 8.0000
111 1017 1.2022 8.0000
111 1018 1.2353 8.0000
111 1019 1.3141 8.0000
112 115 0.9356 8.0000
112 116 0.8620 8.0000
112 117 1.4133 8.0000
112 118 1.2574 8.0000
112 1002 1.4747 8.0000
112 1004 1.2752 8.0000
112 1006 1.1219 8.0000
112 1008 0.9998 8.0000
112 1009 1.4375 8.0000
112 1010 0.9044 8.0000
112 1011 1.2872 8.0000
112 1012 0.8586 8.0000
112 1013 1.1263 8.0000
112 1014 0.9083 8.0000
112 1015 1.1946 8.0000
112 1016 1.0825 8.0000
112 1017 1.3509 8.0000
112 1018 1.3630 8.0000
113 116 0.8786 8.0000
113 118 1.3043 8.0000
113 1006 1.4601 8.0000
113 1008 1.3869 8.0000
113 1010 1.2871 8.0000
113 1012 1.1943 8.0000
113 1013 1.2896 8.0000
113 1014 1.1807 8.0000
113 1015 1.2043 8.0000
113 1016 1.3168 8.0000
113 1017 1.4007 8.0000
114 117 0.9985 8.0000
114 118 0.8620 8.0000
114 119 1.2516 8.0000
114 120 1.2574 8.0000
114 1000 1.4747 8.0000
114 1002 1.2752 8.0000
114 1004 1.1219 8.0000
114 1005 1.4487 8.0000
114 1006 0.9998 8.0000
114 1007 1.4759 8.0000
114 1008 0.9045 8.0000
114 1009 1.3407 8.0000
114 1010 0.8586 8.0000
114 1011 1.1943 8.0000
114 1012 0.9084 8.0000
114 1013 1.1012 8.0000
114 1014 1.0825 8.0000
114 1015 1.3269 8.0000
114 1016 1.3630 8.0000
115 118 0.9121 8.0000
115 120 1.3344 8.0000
115 1006 1.4375 8.0000
115 1008 1.3407 8.0000
115 1010 1.2456 8.0000
115 1011 1.3965 8.0000
115 1012 1.2246 8.0000
115 1013 1.2022 8.0000
115 1014 1.3509 8.0000
115 1015 1.3750 8.0000
116 119 0.8308 8.0000
116 120 0.8620 8.0000
116 121 1.3201 8.0000
116 122 1.2573 8.0000
116 998 1.4747 8.0000
116 1000 1.2752 8.0000
116 1002 1.1219 8.0000
116 1003 1.4600 8.0000
116 1004 0.9998 8.0000
116 1005 1.3547 8.0000
116 1006 0.9045 8.0000
116 1007 1.3501 8.0000
116 1008 0.8585 8.0000
116 1009 1.2456 8.0000
116 1010 0.9083 8.0000
116 1011 1.1807 8.0000
116 1012 1.0825 8.0000
116 1013 1.2353 8.0000
116 1014 1.3630 8.0000
117 120 0.9207 8.0000
117 122 1.3470 8.0000
117 1004 1.4759 8.0000
117 1006 1.3502 8.0000
117 1008 1.2290 8.0000
117 1009 1.3718 8.0000
117 1010 1.1946 8.0000
117 1011 1.2042 8.0000
117 1012 1.3269 8.0000
117 1013 1.2971 8.0000
118 121 0.8942 8.0000
118 122 0.8620 8.0000
118 123 1.3610 8.0000
118 124 1.2574 8.0000
118 996 1.4747 8.0000
118 998 1.2752 8.0000
118 1000 1.1219 8.0000
118 1002 0.9998 8.0000
118 1003 1.3869 8.0000
118 1004 0.9045 8.0000
118 1005 1.2360 8.0000
118 1006 0.8586 8.0000
118 1007 1.2289 8.0000
118 1008 0.9083 8.0000
118 1009 1.2246 8.0000
118 1010 1.0825 8.0000
118 1011 1.3168 8.0000
118 1012 1.3630 8.0000
119 122 0.8879 8.0000
119 124 1.3195 8.0000
119 1000 1.4487 8.0000
119 1002 1.3547 8.0000
119 1004 1.2361 8.0000
119 1005 1.4632 8.0000
119 1006 1.1262 8.0000
119 1007 1.2717 8.0000
119 1008 1.1011 8.0000
119 1009 1.2022 8.0000
119 1010 1.2353 8.0000
119 1011 1.3141 8.0000
120 123 0.9355 8.0000
120 124 0.8620 8.0000
120 125 1.4133 8.0000
120 126 1.2574 8.0000
120 994 1.4747 8.0000
120 996 1.2751 8.0000
120 998 1.1219 8.0000
120 1000 0.9998 8.0000
120 1001 1.4374 8.0000
120 1002 0.9045 8.0000
120 1003 1.2872 8.0000
120 1004 0.8586 8.0000
120 1005 1.1261 8.0000
120 1006 0.9083 8.0000
120 1007 1.1945 8.0000
120 1008 1.0825 8.0000
120 1009 1.3509 8.0000
120 1010 1.3630 8.0000
121 124 0.8787 8.0000
121 126 1.3043 8.0000
121 998 1.4601 8.0000
121 1000 1.3869 8.0000
121 1002 1.2872 8.0000
121 1004 1.1943 8.0000
121 1005 1.2896 8.0000
121 1006 1.1808 8.0000
121 1007 1.2043 8.0000
121 1008 1.3168 8.0000
121 1009 1.4007 8.0000
122 125 0.9985 8.0000
122 126 0.8620 8.0000
122 127 1.2516 8.0000
122 128 1.2574 8.0000
122 992 1.4747 8.0000
122 994 1.2751 8.0000
122 996 1.1219 8.0000
122 997 1.4487 8.0000
122 998 0.9997 8.0000
122 999 1.4758 8.0000
122 1000 0.9044 8.0000
122 1001 1.3407 8.0000
122 1002 0.8585 8.0000
122 1003 1.1942 8.0000
122 1004 0.9083 8.0000
122 1005 1.1011 8.0000
122 1006 1.0825 8.0000
122 1007 1.3268 8.0000
122 1008 1.3630 8.0000
123 126 0.9121 8.0000
123 128 1.3344 8.0000
123 998 1.4374 8.0000
123 1000 1.3406 8.0000
123 1002 1.2456 8.0000
123 1003 1.3964 8.0000
123 1004 1.2245 8.0000
123 1005 1.2021 8.0000
123 1006 1.3508 8.0000
123 1007 1.3749 8.0000
124 127 0.8308 8.0000
124 128 0.8620 8.0000
124 129 1.3201 8.0000
124 130 1.2573 8.0000
124 990 1.4747 8.0000
124 992 1.2752 8.0000
124 994 1.1219 8.0000
124 995 1.4601 8.0000
124 996 0.9997 8.0000
124 997 1.3548 8.0000
124 998 0.9044 8.0000
124 999 1.3501 8.0000
124 1000 0.8585 8.0000
124 1001 1.2456 8.0000
124 1002 0.9083 8.0000
124 1003 1.1807 8.0000
124 1004 1.0825 8.0000
124 1005 1.2353 8.0000
124 1006 1.3630 8.0000
125 128 0.9207 8.0000
125 130 1.3470 8.0000
125 996 1.4758 8.0000
125 998 1.3501 8.0000
125 1000 1.2289 8.0000
125 1001 1.3718 8.0000
125 1002 1.1946 8.0000
125 1003 1.2043 8.0000
125 1004 1.3268 8.0000
125 1005 1.2972 8.0000
126 129 0.8943 8.0000
126 130 0.8620 8.0000
126 131 1.3611 8.0000
126 132 1.2574 8.0000
126 988 1.4747 8.0000
126 990 1.2752 8.0000
126 992 1.1220 8.0000
126 994 0.9998 8.0000
126 995 1.3870 8.0000
126 996 0.9045 8.0000
126 997 1.2361 8.0000
126 998 0.8586 8.0000
126 999 1.2290 8.0000
126 1000 0.9083 8.0000
126 1001 1.2246 8.0000
126 1002 1.0825 8.0000
126 1003 1.3168 8.0000
126 1004 1.3630 8.0000
127 130 0.8878 8.0000
127 132 1.3196 8.0000
127 992 1.4487 8.0000
127 994 1.3547 8.0000
127 996 1.2360 8.0000
127 997 1.4632 8.0000
127 998 1.1261 8.0000
127 999 1.2717 8.0000
127 1000 1.1011 8.0000
127 1001 1.2022 8.0000
127 1002 1.2353 8.0000
127 1003 1.3141 8.0000
128 131 0.9355 8.0000
128 132 0.8620 8.0000
128 133 1.4132 8.0000
128 134 1.2574 8.0000
128 986 1.4747 8.0000
128 988 1.2751 8.0000
128 990 1.1219 8.0000
128 992 0.9998 8.0000
128 993 1.4374 8.0000
128 994 0.9044 8.0000
128 995 1.2872 8.0000
128 996 0.8585 8.0000
128 997 1.1261 8.0000
128 998 0.9083 8.0000
128 999 1.1945 8.0000
128 1000 1.0825 8.0000
128 1001 1.3509 8.0000
128 1002 1.3630 8.0000
129 132 0.8787 8.0000
129 134 1.3044 8.0000
129 990 1.4601 8.0000
129 992 1.3870 8.0000
129 994 1.2872 8.0000
129 996 1.1943 8.0000
129 997 1.2896 8.0000
129 998 1.1807 8.0000
129 999 1.2043 8.0000
129 1000 1.3168 8.0000
129 1001 1.4007 8.0000
130 133 0.9985 8.0000
130 134 0.8620 8.0000
130 135 1.2515 8.0000
130 136 1.2574 8.0000
130 984 1.4747 8.0000
130 986 1.2751 8.0000
130 988 1.1219 8.0000
130 989 1.4487 8.0000
130 990 0.9997 8.0000
130 991 1.4758 8.0000
130 992 0.9045 8.0000
130 993 1.3406 8.0000
130 994 0.8585 8.0000
130 995 1.1943 8.0000
130 996 0.9083 8.0000
130 997 1.1012 8.0000
130 998 1.0825 8.0000
130 999 1.3268 8.0000
130 1000 1.3630 8.0000
131 134 0.9122 8.0000
131 136 1.3343 8.0000
131 990 1.4375 8.0000
131 992 1.3407 8.0000
131 994 1.2456 8.0000
131 995 1.3965 8.0000
131 996 1.2246 8.0000
131 997 1.2022 8.0000
131 998 1.3509 8.0000
131 999 1.3750 8.0000
132 135 0.8308 8.0000
132 136 0.8620 8.0000
132 137 1.3200 8.0000
132 138 1.2573 8.0000
132 982 1.4747 8.0000
132 984 1.2752 8.0000
132 986 1.1219 8.0000
132 987 1.4601 8.0000
132 988 0.9997 8.0000
132 989 1.3548 8.0000
132 990 0.9044 8.0000
132 991 1.3501 8.0000
132 992 0.8586 8.0000
132 993 1.2456 8.0000
132 994 0.9083 8.0000
132 995 1.1807 8.0000
132 996 1.0825 8.0000
132 997 1.2353 8.0000
132 998 1.3630 8.0000
133 136 0.9207 8.0000
133 138 1.3470 8.0000
133 988 1.4758 8.0000
133 990 1.3501 8.0000
133 992 1.2290 8.0000
133 993 1.3718 8.0000
133 994 1.1945 8.0000
133 995 1.2043 8.0000
133 996 1.3268 8.0000
133 997 1.2971 8.0000
134 137 0.8941 8.0000
134 138 0.8620 8.0000
134 139 1.3611 8.0000
134 140 1.2573 8.0000
134 980 1.4747 8.0000
134 982 1.2752 8.0000
134 984 1.1219 8.0000
134 986 0.9998 8.0000
134 987 1.3869 8.0000
134 988 0.9044 8.0000
134 989 1.2360 8.0000
134 990 0.8585 8.0000
134 991 1.2289 8.0000
134 992 0.9083 8.0000
134 993 1.2245 8.0000
134 994 1.0825 8.0000
134 995 1.3168 8.0000
134 996 1.3630 8.0000
135 138 0.8878 8.0000
135 140 1.3195 8.0000
135 984 1.4486 8.0000
135 986 1.3547 8.0000
135 988 1.2360 8.0000
135 989 1.4632 8.0000
135 990 1.1261 8.0000
135 991 1.2717 8.0000
135 992 1.1011 8.0000
135 993 1.2022 8.0000
135 994 1.2353 8.0000
135 995 1.3141 8.0000
136 139 0.9356 8.0000
136 140 0.8620 8.0000
136 141 1.4133 8.0000
136 142 1.2574 8.0000
136 978 1.4747 8.0000
136 980 1.2752 8.0000
136 982 1.1219 8.0000
136 984 0.9998 8.0000
136 985 1.4375 8.0000
136 986 0.9045 8.0000
136 987 1.2872 8.0000
136 988 0.8585 8.0000
136 989 1.1262 8.0000
136 990 0.9083 8.0000
136 991 1.1946 8.0000
136 992 1.0825 8.0000
136 993 1.3509 8.0000
136 994 1.3630 8.0000
137 140 0.8786 8.0000
137 142 1.3043 8.0000
137 982 1.4600 8.0000
137 984 1.3869 8.0000
137 986 1.2872 8.0000
137 988 1.1942 8.0000
137 989 1.2896 8.0000
137 990 1.1807 8.0000
137 991 1.2043 8.0000
137 992 1.3168 8.0000
137 993 1.4007 8.0000
138 141 0.9985 8.0000
138 142 0.8620 8.0000
138 143 1.2516 8.0000
138 144 1.2574 8.0000
138 976 1.4747 8.0000
138 978 1.2752 8.0000
138 980 1.1219 8.0000
138 981 1.4487 8.0000
138 982 0.9998 8.0000
138 983 1.4759 8.0000
138 984 0.9045 8.0000
138 985 1.3408 8.0000
138 986 0.8586 8.0000
138 987 1.1943 8.0000
138 988 0.9083 8.0000
138 989 1.1012 8.0000
138 990 1.0825 8.0000
138 991 1.3268 8.0000
138 992 1.3630 8.0000
139 142 0.9121 8.0000
139 144 1.3344 8.0000
139 982 1.4375 8.0000
139 984 1.3407 8.0000
139 986 1.2456 8.0000
139 987 1.3966 8.0000
139 988 1.2246 8.0000
139 989 1.2022 8.0000
139 990 1.3509 8.0000
139 991 1.3750 8.0000
140 143 0.8309 8.0000
140 144 0.8620 8.0000
140 145 1.3202 8.0000
140 146 1.2574 8.0000
140 974 1.4747 8.0000
140 976 1.2752 8.0000
140 978 1.1219 8.0000
140 979 1.4601 8.0000
140 980 0.9998 8.0000
140 981 1.3547 8.0000
140 982 0.9045 8.0000
140 983 1.3502 8.0000
140 984 0.8586 8.0000
140 985 1.2457 8.0000
140 986 0.9083 8.0000
140 987 1.1808 8.0000
140 988 1.0825 8.0000
140 989 1.2353 8.0000
140 990 1.3630 8.0000
141 144 0.9207 8.0000
141 146 1.3469 8.0000
141 980 1.4759 8.0000
141 982 1.3501 8.0000
141 984 1.2290 8.0000
141 985 1.3718 8.0000
141 986 1.1945 8.0000
141 987 1.2043 8.0000
141 988 1.3268 8.0000
141 989 1.2971 8.0000
142 145 0.8943 8.0000
142 146 0.8620 8.0000
142 147 1.3611 8.0000
142 148 1.2574 8.0000
142 972 1.4747 8.0000
142 974 1.2752 8.0000
142 976 1.1219 8.0000
142 978 0.9998 8.0000
142 979 1.3869 8.0000
142 980 0.9045 8.0000
142 981 1.2360 8.0000
142 982 0.8585 8.0000
142 983 1.2290 8.0000
142 984 0.9083 8.0000
142 985 1.2246 8.0000
142 986 1.0825 8.0000
142 987 1.3168 8.0000
142 988 1.3630 8.0000
143 146 0.8878 8.0000
143 148 1.3196 8.0000
143 976 1.4487 8.0000
143 978 1.3548 8.0000
143 980 1.2361 8.0000
143 981 1.4632 8.0000
143 982 1.1262 8.0000
143 983 1.2717 8.0000
143 984 1.1012 8.0000
143 985 1.2022 8.0000
143 986 1.2353 8.0000
143 987 1.3141 8.0000
144 147 0.9355 8.0000
144 148 0.8620 8.0000
144 149 1.4133 8.0000
144 150 1.2574 8.0000
144 970 1.4747 8.0000
144 972 1.2752 8.0000
144 974 1.1219 8.0000
144 976 0.9998 8.0000
144 977 1.4374 8.0000
144 978 0.9044 8.0000
144 979 1.2871 8.0000
144 980 0.8586 8.0000
144 981 1.1261 8.0000
144 982 0.9083 8.0000
144 983 1.1946 8.0000
144 984 1.0825 8.0000
144 985 1.3509 8.0000
144 986 1.3630 8.0000
145 148 0.8787 8.0000
145 150 1.3044 8.0000
145 974 1.4602 8.0000
145 976 1.3870 8.0000
145 978 1.2872 8.0000
145 980 1.1943 8.0000
145 981 1.2895 8.0000
145 982 1.1807 8.0000
145 983 1.2042 8.0000
145 984 1.3168 8.0000
145 985 1.4007 8.0000
146 149 0.9985 8.0000
146 150 0.8620 8.0000
146 151 1.2516 8.0000
146 152 1.2574 8.0000
146 968 1.4747 8.0000
146 970 1.2751 8.0000
146 972 1.1219 8.0000
146 973 1.4487 8.0000
146 974 0.9998 8.0000
146 975 1.4758 8.0000
146 976 0.9045 8.0000
146 977 1.3407 8.0000
146 978 0.8586 8.0000
146 979 1.1943 8.0000
146 980 0.9084 8.0000
146 981 1.1012 8.0000
146 982 1.0825 8.0000
146 983 1.3269 8.0000
146 984 1.3630 8.0000
147 150 0.9121 8.0000
147 152 1.3343 8.0000
147 974 1.4375 8.0000
147 976 1.3407 8.0000
147 978 1.2456 8.0000
147 979 1.3965 8.0000
147 980 1.2246 8.0000
147 981 1.2022 8.0000
147 982 1.3509 8.0000
147 983 1.3750 8.0000
148 151 0.8308 8.0000
148 152 0.8620 8.0000
148 153 1.3200 8.0000
148 154 1.2574 8.0000
148 966 1.4747 8.0000
148 968 1.2752 8.0000
148 970 1.1219 8.0000
148 971 1.4601 8.0000
148 972 0.9998 8.0000
148 973 1.3548 8.0000
148 974 0.9045 8.0000
148 975 1.3501 8.0000
148 976 0.8586 8.0000
148 977 1.2456 8.0000
148 978 0.9083 8.0000
148 979 1.1807 8.0000
148 980 1.0825 8.0000
148 981 1.2353 8.0000
148 982 1.3630 8.0000
149 152 0.9207 8.0000
149 154 1.3470 8.0000
149 972 1.4759 8.0000
149 974 1.3502 8.0000
149 976 1.2290 8.0000
149 977 1.3718 8.0000
149 978 1.1946 8.0000
149 979 1.2043 8.0000
149 980 1.3269 8.0000
149 981 1.2972 8.0000
150 153 0.8942 8.0000
150 154 0.8620 8.0000
150 155 1.3611 8.0000
150 156 1.2574 8.0000
150 964 1.4747 8.0000
150 966 1.2752 8.0000
150 968 1.1219 8.0000
150 970 0.9998 8.0000
150 971 1.3870 8.0000
150 972 0.9045 8.0000
150 973 1.2361 8.0000
150 974 0.8586 8.0000
150 975 1.2289 8.0000
150 976 0.9084 8.0000
150 977 1.2245 8.0000
150 978 1.0825 8.0000
150 979 1.3168 8.0000
150 980 1.3630 8.0000
151 154 0.8878 8.0000
151 156 1.3195 8.0000
151 968 1.4486 8.0000
151 970 1.3547 8.0000
151 972 1.2360 8.0000
151 973 1.4632 8.0000
151 974 1.1261 8.0000
151 975 1.2717 8.0000
151 976 1.1011 8.0000
151 977 1.2022 8.0000
151 978 1.2353 8.0000
151 979 1.3141 8.0000
152 155 0.9355 8.0000
152 156 0.8620 8.0000
152 157 1.4133 8.0000
152 158 1.2574 8.0000
152 962 1.4747 8.0000
152 964 1.2752 8.0000
152 966 1.1219 8.0000
152 968 0.9998 8.0000
152 969 1.4376 8.0000
152 970 0.9045 8.0000
152 971 1.2872 8.0000
152 972 0.8586 8.0000
152 973 1.1262 8.0000
152 974 0.9084 8.0000
152 975 1.1946 8.0000
152 976 1.0825 8.0000
152 977 1.3509 8.0000
152 978 1.3630 8.0000
153 156 0.8786 8.0000
153 158 1.3043 8.0000
153 966 1.4600 8.0000
153 968 1.3869 8.0000
153 970 1.2872 8.0000
153 972 1.1943 8.0000
153 973 1.2896 8.0000
153 974 1.1807 8.0000
153 975 1.2043 8.0000
153 976 1.3168 8.0000
153 977 1.4007 8.0000
154 157 0.9985 8.0000
154 158 0.8620 8.0000
154 159 1.2516 8.0000
154 160 1.2574 8.0000
154 960 1.4747 8.0000
154 962 1.2752 8.0000
154 964 1.1219 8.0000
154 965 1.4487 8.0000
154 966 0.9998 8.0000
154 967 1.4759 8.0000
154 968 0.9044 8.0000
154 969 1.3408 8.0000
154 970 0.8586 8.0000
154 971 1.1943 8.0000
154 972 0.9083 8.0000
154 973 1.1012 8.0000
154 974 1.0825 8.0000
154 975 1.3268 8.0000
154 976 1.3630 8.0000
155 158 0.9121 8.0000
155 160 1.3343 8.0000
155 966 1.4374 8.0000
155 968 1.3407 8.0000
155 970 1.2457 8.0000
155 971 1.3965 8.0000
155 972 1.2245 8.0000
155 973 1.2023 8.0000
155 974 1.3509 8.0000
155 975 1.3750 8.0000
156 159 0.8309 8.0000
156 160 0.8620 8.0000
156 161 1.3202 8.0000
156 162 1.2574 8.0000
156 958 1.4747 8.0000
156 960 1.2752 8.0000
156 962 1.1219 8.0000
156 963 1.4601 8.0000
156 964 0.9998 8.0000
156 965 1.3548 8.0000
156 966 0.9045 8.0000
156 967 1.3502 8.0000
156 968 0.8586 8.0000
156 969 1.2457 8.0000
156 970 0.9084 8.0000
156 971 1.1808 8.0000
156 972 1.0825 8.0000
156 973 1.2353 8.0000
156 974 1.3630 8.0000
157 160 0.9207 8.0000
157 162 1.3470 8.0000
157 964 1.4759 8.0000
157 966 1.3502 8.0000
157 968 1.2290 8.0000
157 969 1.3719 8.0000
157 970 1.1946 8.0000
157 971 1.2042 8.0000
157 972 1.3268 8.0000
157 973 1.2972 8.0000
158 161 0.8943 8.0000
158 162 0.8620 8.0000
158 163 1.3610 8.0000
158 164 1.2573 8.0000
158 956 1.4747 8.0000
158 958 1.2752 8.0000
158 960 1.1219 8.0000
158 962 0.9998 8.0000
158 963 1.3869 8.0000
158 964 0.9045 8.0000
158 965 1.2360 8.0000
158 966 0.8585 8.0000
158 967 1.2289 8.0000
158 968 0.9083 8.0000
158 969 1.2246 8.0000
158 970 1.0825 8.0000
158 971 1.3168 8.0000
158 972 1.3630 8.0000
159 162 0.8879 8.0000
159 164 1.3195 8.0000
159 960 1.4487 8.0000
159 962 1.3548 8.0000
159 964 1.2361 8.0000
159 965 1.4632 8.0000
159 966 1.1262 8.0000
159 967 1.2717 8.0000
159 968 1.1011 8.0000
159 969 1.2022 8.0000
159 970 1.2353 8.0000
159 971 1.3141 8.0000
160 163 0.9355 8.0000
160 164 0.8620 8.0000
160 165 1.4133 8.0000
160 166 1.2574 8.0000
160 954 1.4747 8.0000
160 956 1.2752 8.0000
160 958 1.1219 8.0000
160 960 0.9998 8.0000
160 961 1.4375 8.0000
160 962 0.9045 8.0000
160 963 1.2872 8.0000
160 964 0.8586 8.0000
160 965 1.1262 8.0000
160 966 0.9083 8.0000
160 967 1.1946 8.0000
160 968 1.0825 8.0000
160 969 1.3510 8.0000
160 970 1.3630 8.0000
161 164 0.8786 8.0000
161 166 1.3043 8.0000
161 958 1.4601 8.0000
161 960 1.3870 8.0000
161 962 1.2873 8.0000
161 964 1.1943 8.0000
161 965 1.2896 8.0000
161 966 1.1807 8.0000
161 967 1.2042 8.0000
161 968 1.3168 8.0000
161 969 1.4007 8.0000
162 165 0.9984 8.0000
162 166 0.8620 8.0000
162 167 1.2515 8.0000
162 168 1.2574 8.0000
162 952 1.4747 8.0000
162 954 1.2751 8.0000
162 956 1.1219 8.0000
162 957 1.4487 8.0000
162 958 0.9998 8.0000
162 959 1.4759 8.0000
162 960 0.9045 8.0000
162 961 1.3407 8.0000
162 962 0.8586 8.0000
162 963 1.1942 8.0000
162 964 0.9083 8.0000
162 965 1.1011 8.0000
162 966 1.0825 8.0000
162 967 1.3268 8.0000
162 968 1.3630 8.0000
163 166 0.9122 8.0000
163 168 1.3343 8.0000
163 958 1.4374 8.0000
163 960 1.3406 8.0000
163 962 1.2456 8.0000
163 963 1.3964 8.0000
163 964 1.2245 8.0000
163 965 1.2021 8.0000
163 966 1.3508 8.0000
163 967 1.3749 8.0000
164 167 0.8308 8.0000
164 168 0.8620 8.0000
164 169 1.3201 8.0000
164 170 1.2574 8.0000
164 950 1.4747 8.0000
164 952 1.2751 8.0000
164 954 1.1219 8.0000
164 955 1.4601 8.0000
164 956 0.9997 8.0000
164 957 1.3547 8.0000
164 958 0.9044 8.0000
164 959 1.3502 8.0000
164 960 0.8585 8.0000
164 961 1.2456 8.0000
164 962 0.9083 8.0000
164 963 1.1807 8.0000
164 964 1.0825 8.0000
164 965 1.2353 8.0000
164 966 1.3630 8.0000
165 168 0.9206 8.0000
165 170 1.3470 8.0000
165 956 1.4758 8.0000
165 958 1.3501 8.0000
165 960 1.2289 8.0000
165 961 1.3718 8.0000
165 962 1.1946 8.0000
165 963 1.2042 8.0000
165 964 1.3268 8.0000
165 965 1.2971 8.0000
166 169 0.8942 8.0000
166 170 0.8620 8.0000
166 171 1.3611 8.0000
166 172 1.2573 8.0000
166 948 1.4747 8.0000
166 950 1.2752 8.0000
166 952 1.1219 8.0000
166 954 0.9997 8.0000
166 955 1.3869 8.0000
166 956 0.9044 8.0000
166 957 1.2361 8.0000
166 958 0.8585 8.0000
166 959 1.2290 8.0000
166 960 0.9083 8.0000
166 961 1.2245 8.0000
166 962 1.0825 8.0000
166 963 1.3168 8.0000
166 964 1.3630 8.0000
167 170 0.8879 8.0000
167 172 1.3195 8.0000
167 952 1.4487 8.0000
167 954 1.3547 8.0000
167 956 1.2360 8.0000
167 957 1.4633 8.0000
167 958 1.1261 8.0000
167 959 1.2718 8.0000
167 960 1.1012 8.0000
167 961 1.2022 8.0000
167 962 1.2353 8.0000
167 963 1.3141 8.0000
168 171 0.9356 8.0000
168 172 0.8620 8.0000
168 173 1.4133 8.0000
168 174 1.2574 8.0000
168 946 1.4747 8.0000
168 948 1.2752 8.0000
168 950 1.1220 8.0000
168 952 0.9998 8.0000
168 953 1.4375 8.0000
168 954 0.9045 8.0000
168 955 1.2872 8.0000
168 956 0.8586 8.0000
168 957 1.1263 8.0000
168 958 0.9083 8.0000
168 959 1.1946 8.0000
168 960 1.0825 8.0000
168 961 1.3509 8.0000
168 962 1.3630 8.0000
169 172 0.8786 8.0000
169 174 1.3044 8.0000
169 950 1.4601 8.0000
169 952 1.3869 8.0000
169 954 1.2872 8.0000
169 956 1.1943 8.0000
169 957 1.2896 8.0000
169 958 1.1807 8.0000
169 959 1.2043 8.0000
169 960 1.3168 8.0000
169 961 1.4006 8.0000
170 173 0.9984 8.0000
170 174 0.8620 8.0000
170 175 1.2515 8.0000
170 176 1.2574 8.0000
170 944 1.4747 8.0000
170 946 1.2751 8.0000
170 948 1.1219 8.0000
170 949 1.4487 8.0000
170 950 0.9998 8.0000
170 951 1.4759 8.0000
170 952 0.9044 8.0000
170 953 1.3406 8.0000
170 954 0.8585 8.0000
170 955 1.1942 8.0000
170 956 0.9083 8.0000
170 957 1.1011 8.0000
170 958 1.0825 8.0000
170 959 1.3268 8.0000
170 960 1.3630 8.0000
171 174 0.9121 8.0000
171 176 1.3343 8.0000
171 950 1.4375 8.0000
171 952 1.3406 8.0000
171 954 1.2456 8.0000
171 955 1.3964 8.0000
171 956 1.2245 8.0000
171 957 1.2022 8.0000
171 958 1.3509 8.0000
171 959 1.3750 8.0000
172 175 0.8308 8.0000
172 176 0.8620 8.0000
172 177 1.3201 8.0000
172 178 1.2574 8.0000
172 942 1.4747 8.0000
172 944 1.2751 8.0000
172 946 1.1219 8.0000
172 947 1.4601 8.0000
172 948 0.9997 8.0000
172 949 1.3547 8.0000
172 950 0.9045 8.0000
172 951 1.3502 8.0000
172 952 0.8585 8.0000
172 953 1.2456 8.0000
172 954 0.9083 8.0000
172 955 1.1807 8.0000
172 956 1.0825 8.0000
172 957 1.2353 8.0000
172 958 1.3630 8.0000
173 176 0.9207 8.0000
173 178 1.3470 8.0000
173 948 1.4758 8.0000
173 950 1.3502 8.0000
173 952 1.2289 8.0000
173 953 1.3717 8.0000
173 954 1.1946 8.0000
173 955 1.2042 8.0000
173 956 1.3268 8.0000
173 957 1.2971 8.0000
174 177 0.8942 8.0000
174 178 0.8620 8.0000
174 179 1.3611 8.0000
174 180 1.2573 8.0000
174 940 1.4747 8.0000
174 942 1.2752 8.0000
174 944 1.1219 8.0000
174 946 0.9997 8.0000
174 947 1.3869 8.0000
174 948 0.9044 8.0000
174 949 1.2360 8.0000
174 950 0.8586 8.0000
174 951 1.2289 8.0000
174 952 0.9083 8.0000
174 953 1.2245 8.0000
174 954 1.0825 8.0000
174 955 1.3168 8.0000
174 956 1.3630 8.0000
175 178 0.8879 8.0000
175 180 1.3195 8.0000
175 944 1.4487 8.0000
175 946 1.3547 8.0000
175 948 1.2361 8.0000
175 949 1.4633 8.0000
175 950 1.1263 8.0000
175 951 1.2718 8.0000
175 952 1.1011 8.0000
175 953 1.2022 8.0000
175 954 1.2353 8.0000
175 955 1.3141 8.0000
176 179 0.9356 8.0000
176 180 0.8620 8.0000
176 181 1.4132 8.0000
176 182 1.2573 8.0000
176 938 1.4747 8.0000
176 940 1.2752 8.0000
176 942 1.1219 8.0000
176 944 0.9998 8.0000
176 945 1.4374 8.0000
176 946 0.9044 8.0000
176 947 1.2872 8.0000
176 948 0.8585 8.0000
176 949 1.1261 8.0000
176 950 0.9083 8.0000
176 951 1.1946 8.0000
176 952 1.0825 8.0000
176 953 1.3509 8.0000
176 954 1.3630 8.0000
177 180 0.8786 8.0000
177 182 1.3043 8.0000
177 942 1.4601 8.0000
177 944 1.3869 8.0000
177 946 1.2872 8.0000
177 948 1.1943 8.0000
177 949 1.2896 8.0000
177 950 1.1808 8.0000
177 951 1.2043 8.0000
177 952 1.3168 8.0000
177 953 1.4007 8.0000
178 181 0.9984 8.0000
178 182 0.8620 8.0000
178 183 1.2515 8.0000
178 184 1.2574 8.0000
178 936 1.4747 8.0000
178 938 1.2751 8.0000
178 940 1.1219 8.0000
178 941 1.4487 8.0000
178 942 0.9998 8.0000
178 943 1.4759 8.0000
178 944 0.9045 8.0000
178 945 1.3407 8.0000
178 946 0.8585 8.0000
178 947 1.1943 8.0000
178 948 0.9083 8.0000
178 949 1.1012 8.0000
178 950 1.0825 8.0000
178 951 1.3269 8.0000
178 952 1.3630 8.0000
179 182 0.9121 8.0000
179 184 1.3344 8.0000
179 942 1.4375 8.0000
179 944 1.3407 8.0000
179 946 1.2457 8.0000
179 947 1.3966 8.0000
179 948 1.2246 8.0000
179 949 1.2022 8.0000
179 950 1.3510 8.0000
179 951 1.3750 8.0000
180 183 0.8308 8.0000
180 184 0.8620 8.0000
180 185 1.3201 8.0000
180 186 1.2574 8.0000
180 934 1.4747 8.0000
180 936 1.2752 8.0000
180 938 1.1219 8.0000
180 939 1.4601 8.0000
180 940 0.9998 8.0000
180 941 1.3548 8.0000
180 942 0.9045 8.0000
180 943 1.3502 8.0000
180 944 0.8586 8.0000
180 945 1.2456 8.0000
180 946 0.9083 8.0000
180 947 1.1808 8.0000
180 948 1.0825 8.0000
180 949 1.2353 8.0000
180 950 1.3630 8.0000
181 184 0.9206 8.0000
181 186 1.3470 8.0000
181 940 1.4758 8.0000
181 942 1.3502 8.0000
181 944 1.2289 8.0000
181 945 1.3718 8.0000
181 946 1.1946 8.0000
181 947 1.2043 8.0000
181 948 1.3268 8.0000
181 949 1.2971 8.0000
182 185 0.8942 8.0000
182 186 0.8620 8.0000
182 187 1.3612 8.0000
182 188 1.2574 8.0000
182 932 1.4747 8.0000
182 934 1.2752 8.0000
182 936 1.1219 8.0000
182 938 0.9998 8.0000
182 939 1.3869 8.0000
182 940 0.9045 8.0000
182 941 1.2361 8.0000
182 942 0.8586 8.0000
182 943 1.2290 8.0000
182 944 0.9083 8.0000
182 945 1.2245 8.0000
182 946 1.0825 8.0000
182 947 1.3169 8.0000
182 948 1.3630 8.0000
183 186 0.8879 8.0000
183 188 1.3195 8.0000
183 936 1.4487 8.0000
183 938 1.3548 8.0000
183 940 1.2360 8.0000
183 941 1.4632 8.0000
183 942 1.1262 8.0000
183 943 1.2718 8.0000
183 944 1.1011 8.0000
183 945 1.2022 8.0000
183 946 1.2353 8.0000
183 947 1.3141 8.0000
184 187 0.9356 8.0000
184 188 0.8620 8.0000
184 189 1.4133 8.0000
184 190 1.2574 8.0000
184 930 1.4747 8.0000
184 932 1.2751 8.0000
184 934 1.1220 8.0000
184 936 0.9998 8.0000
184 937 1.4374 8.0000
184 938 0.9045 8.0000
184 939 1.2872 8.0000
184 940 0.8585 8.0000
184 941 1.1262 8.0000
184 942 0.9083 8.0000
184 943 1.1946 8.0000
184 944 1.0825 8.0000
184 945 1.3509 8.0000
184 946 1.3630 8.0000
185 188 0.8786 8.0000
185 190 1.3044 8.0000
185 934 1.4601 8.0000
185 936 1.3870 8.0000
185 938 1.2873 8.0000
185 940 1.1943 8.0000
185 941 1.2896 8.0000
185 942 1.1808 8.0000
185 943 1.2043 8.0000
185 944 1.3168 8.0000
185 945 1.4007 8.0000
186 189 0.9984 8.0000
186 190 0.8620 8.0000
186 191 1.2516 8.0000
186 192 1.2574 8.0000
186 928 1.4747 8.0000
186 930 1.2752 8.0000
186 932 1.1219 8.0000
186 933 1.4486 8.0000
186 934 0.9998 8.0000
186 935 1.4758 8.0000
186 936 0.9044 8.0000
186 937 1.3407 8.0000
186 938 0.8586 8.0000
186 939 1.1942 8.0000
186 940 0.9083 8.0000
186 941 1.1011 8.0000
186 942 1.0825 8.0000
186 943 1.3268 8.0000
186 944 1.3630 8.0000
187 190 0.9122 8.0000
187 192 1.3344 8.0000
187 934 1.4376 8.0000
187 936 1.3408 8.0000
187 938 1.2457 8.0000
187 939 1.3965 8.0000
187 940 1.2246 8.0000
187 941 1.2022 8.0000
187 942 1.3510 8.0000
187 943 1.3750 8.0000
188 191 0.8309 8.0000
188 192 0.8620 8.0000
188 193 1.3201 8.0000
188 194 1.2574 8.0000
188 926 1.4747 8.0000
188 928 1.2751 8.0000
188 930 1.1219 8.0000
188 931 1.4601 8.0000
188 932 0.9997 8.0000
188 933 1.3547 8.0000
188 934 0.9045 8.0000
188 935 1.3502 8.0000
188 936 0.8586 8.0000
188 937 1.2457 8.0000
188 938 0.9084 8.0000
188 939 1.1808 8.0000
188 940 1.0825 8.0000
188 941 1.2353 8.0000
188 942 1.3630 8.0000
189 192 0.9207 8.0000
189 194 1.3470 8.0000
189 932 1.4759 8.0000
189 934 1.3502 8.0000
189 936 1.2290 8.0000
189 937 1.3718 8.0000
189 938 1.1946 8.0000
189 939 1.2043 8.0000
189 940 1.3268 8.0000
189 941 1.2971 8.0000
190 193 0.8942 8.0000
190 194 0.8620 8.0000
190 195 1.3610 8.0000
190 196 1.2574 8.0000
190 924 1.4747 8.0000
190 926 1.2752 8.0000
190 928 1.1219 8.0000
190 930 0.9998 8.0000
190 931 1.3869 8.0000
190 932 0.9045 8.0000
190 933 1.2360 8.0000
190 934 0.8586 8.0000
190 935 1.2289 8.0000
190 936 0.9083 8.0000
190 937 1.2245 8.0000
190 938 1.0825 8.0000
190 939 1.3168 8.0000
190 940 1.3630 8.0000
191 194 0.8879 8.0000
191 196 1.3196 8.0000
191 928 1.4487 8.0000
191 930 1.3548 8.0000
191 932 1.2361 8.0000
191 933 1.4632 8.0000
191 934 1.1262 8.0000
191 935 1.2718 8.0000
191 936 1.1012 8.0000
191 937 1.2023 8.0000
191 938 1.2353 8.0000
191 939 1.3141 8.0000
192 195 0.9354 8.0000
192 196 0.8620 8.0000
192 197 1.4133 8.0000
192 198 1.2574 8.0000
192 922 1.4747 8.0000
192 924 1.2752 8.0000
192 926 1.1219 8.0000
192 928 0.9998 8.0000
192 929 1.4375 8.0000
192 930 0.9045 8.0000
192 931 1.2872 8.0000
192 932 0.8586 8.0000
192 933 1.1261 8.0000
192 934 0.9084 8.0000
192 935 1.1945 8.0000
192 936 1.0825 8.0000
192 937 1.3509 8.0000
192 938 1.3630 8.0000
193 196 0.8786 8.0000
193 198 1.3043 8.0000
193 926 1.4600 8.0000
193 928 1.3869 8.0000
193 930 1.2872 8.0000
193 932 1.1943 8.0000
193 933 1.2895 8.0000
193 934 1.1807 8.0000
193 935 1.2042 8.0000
193 936 1.3168 8.0000
193 937 1.4007 8.0000
194 197 0.9984 8.0000
194 198 0.8620 8.0000
194 199 1.2516 8.0000
194 200 1.2574 8.0000
194 920 1.4747 8.0000
194 922 1.2752 8.0000
194 924 1.1220 8.0000
194 925 1.4487 8.0000
194 926 0.9998 8.0000
194 927 1.4759 8.0000
194 928 0.9045 8.0000
194 929 1.3407 8.0000
194 930 0.8586 8.0000
194 931 1.1943 8.0000
194 932 0.9084 8.0000
194 933 1.1011 8.0000
194 934 1.0825 8.0000
194 935 1.3268 8.0000
194 936 1.3630 8.0000
195 198 0.9121 8.0000
195 200 1.3344 8.0000
195 926 1.4374 8.0000
195 928 1.3406 8.0000
195 930 1.2455 8.0000
195 931 1.3964 8.0000
195 932 1.2245 8.0000
195 933 1.2021 8.0000
195 934 1.3508 8.0000
195 935 1.3749 8.0000
196 199 0.8308 8.0000
196 200 0.8620 8.0000
196 201 1.3201 8.0000
196 202 1.2574 8.0000
196 918 1.4747 8.0000
196 920 1.2752 8.0000
196 922 1.1219 8.0000
196 923 1.4601 8.0000
196 924 0.9998 8.0000
196 925 1.3548 8.0000
196 926 0.9044 8.0000
196 927 1.3502 8.0000
196 928 0.8586 8.0000
196 929 1.2456 8.0000
196 930 0.9083 8.0000
196 931 1.1807 8.0000
196 932 1.0825 8.0000
196 933 1.2353 8.0000
196 934 1.3630 8.0000
197 200 0.9207 8.0000
197 202 1.3470 8.0000
197 924 1.4759 8.0000
197 926 1.3502 8.0000
197 928 1.2290 8.0000
197 929 1.3719 8.0000
197 930 1.1946 8.0000
197 931 1.2043 8.0000
197 932 1.3269 8.0000
197 933 1.2972 8.0000
198 201 0.8943 8.0000
198 202 0.8620 8.0000
198 203 1.3611 8.0000
198 204 1.2574 8.0000
198 916 1.4747 8.0000
198 918 1.2752 8.0000
198 920 1.1219 8.0000
198 922 0.9998 8.0000
198 923 1.3869 8.0000
198 924 0.9045 8.0000
198 925 1.2361 8.0000
198 926 0.8586 8.0000
198 927 1.2290 8.0000
198 928 0.9084 8.0000
198 929 1.2246 8.0000
198 930 1.0825 8.0000
198 931 1.3168 8.0000
198 932 1.3630 8.0000
199 202 0.8878 8.0000
199 204 1.3195 8.0000
199 920 1.4487 8.0000
199 922 1.3547 8.0000
199 924 1.2360 8.0000
199 925 1.4632 8.0000
199 926 1.1261 8.0000
199 927 1.2717 8.0000
199 928 1.1012 8.0000
199 929 1.2022 8.0000
199 930 1.2353 8.0000
199 931 1.3141 8.0000
200 203 0.9355 8.0000
200 204 0.8620 8.0000
200 205 1.4133 8.0000
200 206 1.2573 8.0000
200 914 1.4747 8.0000
200 916 1.2752 8.0000
200 918 1.1219 8.0000
200 920 0.9998 8.0000
200 921 1.4375 8.0000
200 922 0.9045 8.0000
200 923 1.2872 8.0000
200 924 0.8585 8.0000
200 925 1.1262 8.0000
200 926 0.9083 8.0000
200 927 1.1946 8.0000
200 928 1.0825 8.0000
200 929 1.3509 8.0000
200 930 1.3630 8.0000
201 204 0.8786 8.0000
201 206 1.3043 8.0000
201 918 1.4601 8.0000
201 920 1.3870 8.0000
201 922 1.2872 8.0000
201 924 1.1943 8.0000
201 925 1.2895 8.0000
201 926 1.1807 8.0000
201 927 1.2042 8.0000
201 928 1.3168 8.0000
201 929 1.4007 8.0000
202 205 0.9985 8.0000
202 206 0.8620 8.0000
202 207 1.2516 8.0000
202 208 1.2574 8.0000
202 912 1.4747 8.0000
202 914 1.2752 8.0000
202 916 1.1219 8.0000
202 917 1.4486 8.0000
202 918 0.9998 8.0000
202 919 1.4759 8.0000
202 920 0.9045 8.0000
202 921 1.3407 8.0000
202 922 0.8586 8.0000
202 923 1.1943 8.0000
202 924 0.9083 8.0000
202 925 1.1012 8.0000
202 926 1.0825 8.0000
202 927 1.3268 8.0000
202 928 1.3630 8.0000
203 206 0.9122 8.0000
203 208 1.3344 8.0000
203 918 1.4375 8.0000
203 920 1.3407 8.0000
203 922 1.2457 8.0000
203 923 1.3965 8.0000
203 924 1.2245 8.0000
203 925 1.2021 8.0000
203 926 1.3509 8.0000
203 927 1.3749 8.0000
204 207 0.8308 8.0000
204 208 0.8620 8.0000
204 209 1.3201 8.0000
204 210 1.2574 8.0000
204 910 1.4747 8.0000
204 912 1.2751 8.0000
204 914 1.1219 8.0000
204 915 1.4601 8.0000
204 916 0.9998 8.0000
204 917 1.3547 8.0000
204 918 0.9045 8.0000
204 919 1.3501 8.0000
204 920 0.8586 8.0000
204 921 1.2456 8.0000
204 922 0.9083 8.0000
204 923 1.1807 8.0000
204 924 1.0825 8.0000
204 925 1.2353 8.0000
204 926 1.3630 8.0000
205 208 0.9207 8.0000
205 210 1.3470 8.0000
205 916 1.4758 8.0000
205 918 1.3502 8.0000
205 920 1.2290 8.0000
205 921 1.3718 8.0000
205 922 1.1946 8.0000
205 923 1.2043 8.0000
205 924 1.3268 8.0000
205 925 1.2971 8.0000
206 209 0.8943 8.0000
206 210 0.8620 8.0000
206 211 1.3611 8.0000
206 212 1.2574 8.0000
206 908 1.4747 8.0000
206 910 1.2751 8.0000
206 912 1.1219 8.0000
206 914 0.9997 8.0000
206 915 1.3869 8.0000
206 916 0.9044 8.0000
206 917 1.2360 8.0000
206 918 0.8585 8.0000
206 919 1.2289 8.0000
206 920 0.9083 8.0000
206 921 1.2245 8.0000
206 922 1.0825 8.0000
206 923 1.3168 8.0000
206 924 1.3630 8.0000
207 210 0.8878 8.0000
207 212 1.3196 8.0000
207 912 1.4487 8.0000
207 914 1.3548 8.0000
207 916 1.2360 8.0000
207 917 1.4632 8.0000
207 918 1.1262 8.0000
207 919 1.2717 8.0000
207 920 1.1012 8.0000
207 921 1.2021 8.0000
207 922 1.2353 8.0000
207 923 1.3141 8.0000
208 211 0.9355 8.0000
208 212 0.8620 8.0000
208 213 1.4133 8.0000
208 214 1.2573 8.0000
208 906 1.4747 8.0000
208 908 1.2752 8.0000
208 910 1.1219 8.0000
208 912 0.9997 8.0000
208 913 1.4375 8.0000
208 914 0.9044 8.0000
208 915 1.2872 8.0000
208 916 0.8585 8.0000
208 917 1.1261 8.0000
208 918 0.9083 8.0000
208 919 1.1945 8.0000
208 920 1.0825 8.0000
208 921 1.3508 8.0000
208 922 1.3630 8.0000
209 212 0.8786 8.0000
209 214 1.3043 8.0000
209 910 1.4601 8.0000
209 912 1.3869 8.0000
209 914 1.2872 8.0000
209 916 1.1942 8.0000
209 917 1.2895 8.0000
209 918 1.1807 8.0000
209 919 1.2042 8.0000
209 920 1.3168 8.0000
209 921 1.4006 8.0000
210 213 0.9985 8.0000
210 214 0.8620 8.0000
210 215 1.2516 8.0000
210 216 1.2574 8.0000
210 904 1.4747 8.0000
210 906 1.2752 8.0000
210 908 1.1220 8.0000
210 909 1.4487 8.0000
210 910 0.9998 8.0000
210 911 1.4759 8.0000
210 912 0.9045 8.0000
210 913 1.3407 8.0000
210 914 0.8586 8.0000
210 915 1.1943 8.0000
210 916 0.9083 8.0000
210 917 1.1011 8.0000
210 918 1.0825 8.0000
210 919 1.3268 8.0000
210 920 1.3630 8.0000
211 214 0.9121 8.0000
211 216 1.3343 8.0000
211 910 1.4374 8.0000
211 912 1.3406 8.0000
211 914 1.2456 8.0000
211 915 1.3965 8.0000
211 916 1.2245 8.0000
211 917 1.2022 8.0000
211 918 1.3509 8.0000
211 919 1.3750 8.0000
212 215 0.8308 8.0000
212 216 0.8620 8.0000
212 217 1.3201 8.0000
212 218 1.2574 8.0000
212 902 1.4747 8.0000
212 904 1.2751 8.0000
212 906 1.1219 8.0000
212 907 1.4601 8.0000
212 908 0.9998 8.0000
212 909 1.3547 8.0000
212 910 0.9044 8.0000
212 911 1.3501 8.0000
212 912 0.8585 8.0000
212 913 1.2456 8.0000
212 914 0.9083 8.0000
212 915 1.1807 8.0000
212 916 1.0825 8.0000
212 917 1.2353 8.0000
212 918 1.3630 8.0000
213 216 0.9207 8.0000
213 218 1.3470 8.0000
213 908 1.4759 8.0000
213 910 1.3501 8.0000
213 912 1.2289 8.0000
213 913 1.3717 8.0000
213 914 1.1945 8.0000
213 915 1.2042 8.0000
213 916 1.3268 8.0000
213 917 1.2972 8.0000
214 217 0.8943 8.0000
214 218 0.8620 8.0000
214 219 1.3611 8.0000
214 220 1.2574 8.0000
214 900 1.4747 8.0000
214 902 1.2751 8.0000
214 904 1.1219 8.0000
214 906 0.9997 8.0000
214 907 1.3869 8.0000
214 908 0.9045 8.0000
214 909 1.2360 8.0000
214 910 0.8585 8.0000
214 911 1.2289 8.0000
214 912 0.9083 8.0000
214 913 1.2245 8.0000
214 914 1.0825 8.0000
214 915 1.3168 8.0000
214 916 1.3630 8.0000
215 218 0.8879 8.0000
215 220 1.3195 8.0000
215 904 1.4487 8.0000
215 906 1.3548 8.0000
215 908 1.2361 8.0000
215 909 1.4632 8.0000
215 910 1.1261 8.0000
215 911 1.2717 8.0000
215 912 1.1012 8.0000
215 913 1.2021 8.0000
215 914 1.2353 8.0000
215 915 1.3141 8.0000
216 219 0.9355 8.0000
216 220 0.8620 8.0000
216 221 1.4132 8.0000
216 222 1.2573 8.0000
216 898 1.4747 8.0000
216 900 1.2752 8.0000
216 902 1.1219 8.0000
216 904 0.9997 8.0000
216 905 1.4374 8.0000
216 906 0.9044 8.0000
216 907 1.2872 8.0000
216 908 0.8586 8.0000
216 909 1.1261 8.0000
216 910 0.9083 8.0000
216 911 1.1945 8.0000
216 912 1.0825 8.0000
216 913 1.3508 8.0000
216 914 1.3630 8.0000
217 220 0.8786 8.0000
217 222 1.3043 8.0000
217 902 1.4601 8.0000
217 904 1.3869 8.0000
217 906 1.2872 8.0000
217 908 1.1943 8.0000
217 909 1.2895 8.0000
217 910 1.1807 8.0000
217 911 1.2042 8.0000
217 912 1.3168 8.0000
217 913 1.4006 8.0000
218 221 0.9984 8.0000
218 222 0.8620 8.0000
218 223 1.2515 8.0000
218 224 1.2573 8.0000
218 896 1.4747 8.0000
218 898 1.2752 8.0000
218 900 1.1219 8.0000
218 901 1.4487 8.0000
218 902 0.9998 8.0000
218 903 1.4758 8.0000
218 904 0.9044 8.0000
218 905 1.3406 8.0000
218 906 0.8585 8.0000
218 907 1.1942 8.0000
218 908 0.9083 8.0000
218 909 1.1011 8.0000
218 910 1.0825 8.0000
218 911 1.3268 8.0000
218 912 1.3630 8.0000
219 222 0.9121 8.0000
219 224 1.3343 8.0000
219 902 1.4374 8.0000
219 904 1.3407 8.0000
219 906 1.2456 8.0000
219 907 1.3965 8.0000
219 908 1.2246 8.0000
219 909 1.2022 8.0000
219 910 1.3509 8.0000
219 911 1.3750 8.0000
220 223 0.8308 8.0000
220 224 0.8620 8.0000
220 225 1.3201 8.0000
220 226 1.2574 8.0000
220 894 1.4747 8.0000
220 896 1.2752 8.0000
220 898 1.1219 8.0000
220 899 1.4601 8.0000
220 900 0.9998 8.0000
220 901 1.3547 8.0000
220 902 0.9045 8.0000
220 903 1.3502 8.0000
220 904 0.8585 8.0000
220 905 1.2456 8.0000
220 906 0.9083 8.0000
220 907 1.1807 8.0000
220 908 1.0825 8.0000
220 909 1.2353 8.0000
220 910 1.3630 8.0000
221 224 0.9206 8.0000
221 226 1.3470 8.0000
221 900 1.4759 8.0000
221 902 1.3501 8.0000
221 904 1.2289 8.0000
221 905 1.3717 8.0000
221 906 1.1945 8.0000
221 907 1.2042 8.0000
221 908 1.3268 8.0000
221 909 1.2971 8.0000
222 225 0.8942 8.0000
222 226 0.8620 8.0000
222 227 1.3611 8.0000
222 228 1.2574 8.0000
222 892 1.4747 8.0000
222 894 1.2752 8.0000
222 896 1.1219 8.0000
222 898 0.9998 8.0000
222 899 1.3870 8.0000
222 900 0.9045 8.0000
222 901 1.2361 8.0000
222 902 0.8586 8.0000
222 903 1.2290 8.0000
222 904 0.9083 8.0000
222 905 1.2245 8.0000
222 906 1.0825 8.0000
222 907 1.3168 8.0000
222 908 1.3630 8.0000
223 226 0.8878 8.0000
223 228 1.3195 8.0000
223 896 1.4487 8.0000
223 898 1.3547 8.0000
223 900 1.2360 8.0000
223 901 1.4632 8.0000
223 902 1.1261 8.0000
223 903 1.2717 8.0000
223 904 1.1011 8.0000
223 905 1.2021 8.0000
223 906 1.2353 8.0000
223 907 1.3141 8.0000
224 227 0.9356 8.0000
224 228 0.8620 8.0000
224 229 1.4133 8.0000
224 230 1.2574 8.0000
224 890 1.4747 8.0000
224 892 1.2752 8.0000
224 894 1.1219 8.0000
224 896 0.9998 8.0000
224 897 1.4375 8.0000
224 898 0.9045 8.0000
224 899 1.2872 8.0000
224 900 0.8586 8.0000
224 901 1.1262 8.0000
224 902 0.9083 8.0000
224 903 1.1946 8.0000
224 904 1.0825 8.0000
224 905 1.3508 8.0000
224 906 1.3630 8.0000
225 228 0.8786 8.0000
225 230 1.3043 8.0000
225 894 1.4601 8.0000
225 896 1.3869 8.0000
225 898 1.2872 8.0000
225 900 1.1943 8.0000
225 901 1.2896 8.0000
225 902 1.1807 8.0000
225 903 1.2043 8.0000
225 904 1.3168 8.0000
225 905 1.4006 8.0000
226 229 0.9985 8.0000
226 230 0.8620 8.0000
226 231 1.2516 8.0000
226 232 1.2574 8.0000
226 888 1.4747 8.0000
226 890 1.2751 8.0000
226 892 1.1220 8.0000
226 893 1.4487 8.0000
226 894 0.9998 8.0000
226 895 1.4759 8.0000
226 896 0.9045 8.0000
226 897 1.3407 8.0000
226 898 0.8585 8.0000
226 899 1.1943 8.0000
226 900 0.9083 8.0000
226 901 1.1011 8.0000
226 902 1.0825 8.0000
226 903 1.3268 8.0000
226 904 1.3630 8.0000
227 230 0.9121 8.0000
227 232 1.3344 8.0000
227 894 1.4375 8.0000
227 896 1.3407 8.0000
227 898 1.2456 8.0000
227 899 1.3965 8.0000
227 900 1.2246 8.0000
227 901 1.2022 8.0000
227 902 1.3509 8.0000
227 903 1.3750 8.0000
228 231 0.8308 8.0000
228 232 0.8620 8.0000
228 233 1.3201 8.0000
228 234 1.2573 8.0000
228 886 1.4747 8.0000
228 888 1.2752 8.0000
228 890 1.1219 8.0000
228 891 1.4600 8.0000
228 892 0.9998 8.0000
228 893 1.3547 8.0000
228 894 0.9044 8.0000
228 895 1.3502 8.0000
228 896 0.8586 8.0000
228 897 1.2456 8.0000
228 898 0.9083 8.0000
228 899 1.1807 8.0000
228 900 1.0825 8.0000
228 901 1.2353 8.0000
228 902 1.3630 8.0000
229 232 0.9207 8.0000
229 234 1.3470 8.0000
229 892 1.4759 8.0000
229 894 1.3502 8.0000
229 896 1.2290 8.0000
229 897 1.3718 8.0000
229 898 1.1946 8.0000
229 899 1.2042 8.0000
229 900 1.3268 8.0000
229 901 1.2972 8.0000
230 233 0.8942 8.0000
230 234 0.8620 8.0000
230 235 1.3610 8.0000
230 236 1.2574 8.0000
230 884 1.4747 8.0000
230 886 1.2751 8.0000
230 888 1.1219 8.0000
230 890 0.9997 8.0000
230 891 1.3869 8.0000
230 892 0.9045 8.0000
230 893 1.2361 8.0000
230 894 0.8586 8.0000
230 895 1.2290 8.0000
230 896 0.9084 8.0000
230 897 1.2246 8.0000
230 898 1.0825 8.0000
230 899 1.3168 8.0000
230 900 1.3630 8.0000
231 234 0.8879 8.0000
231 236 1.3196 8.0000
231 888 1.4487 8.0000
231 890 1.3548 8.0000
231 892 1.2362 8.0000
231 893 1.4633 8.0000
231 894 1.1262 8.0000
231 895 1.2718 8.0000
231 896 1.1012 8.0000
231 897 1.2022 8.0000
231 898 1.2353 8.0000
231 899 1.3141 8.0000
232 235 0.9354 8.0000
232 236 0.8620 8.0000
232 237 1.4132 8.0000
232 238 1.2574 8.0000
232 882 1.4747 8.0000
232 884 1.2752 8.0000
232 886 1.1219 8.0000
232 888 0.9998 8.0000
232 889 1.4375 8.0000
232 890 0.9045 8.0000
232 891 1.2872 8.0000
232 892 0.8586 8.0000
232 893 1.1261 8.0000
232 894 0.9083 8.0000
232 895 1.1946 8.0000
232 896 1.0825 8.0000
232 897 1.3509 8.0000
232 898 1.3630 8.0000
233 236 0.8786 8.0000
233 238 1.3043 8.0000
233 886 1.4601 8.0000
233 888 1.3869 8.0000
233 890 1.2872 8.0000
233 892 1.1943 8.0000
233 893 1.2896 8.0000
233 894 1.1807 8.0000
233 895 1.2043 8.0000
233 896 1.3168 8.0000
233 897 1.4007 8.0000
234 237 0.9985 8.0000
234 238 0.8620 8.0000
234 239 1.2516 8.0000
234 240 1.2574 8.0000
234 880 1.4747 8.0000
234 882 1.2751 8.0000
234 884 1.1219 8.0000
234 885 1.4487 8.0000
234 886 0.9997 8.0000
234 887 1.4759 8.0000
234 888 0.9045 8.0000
234 889 1.3407 8.0000
234 890 0.8586 8.0000
234 891 1.1943 8.0000
234 892 0.9084 8.0000
234 893 1.1012 8.0000
234 894 1.0825 8.0000
234 895 1.3269 8.0000
234 896 1.3630 8.0000
235 238 0.9122 8.0000
235 240 1.3344 8.0000
235 886 1.4375 8.0000
235 888 1.3407 8.0000
235 890 1.2456 8.0000
235 891 1.3965 8.0000
235 892 1.2245 8.0000
235 893 1.2021 8.0000
235 894 1.3508 8.0000
235 895 1.3749 8.0000
236 239 0.8308 8.0000
236 240 0.8620 8.0000
236 241 1.3201 8.0000
236 242 1.2574 8.0000
236 878 1.4747 8.0000
236 880 1.2752 8.0000
236 882 1.1220 8.0000
236 883 1.4601 8.0000
236 884 0.9998 8.0000
236 885 1.3548 8.0000
236 886 0.9045 8.0000
236 887 1.3502 8.0000
236 888 0.8586 8.0000
236 889 1.2457 8.0000
236 890 0.9084 8.0000
236 891 1.1807 8.0000
236 892 1.0825 8.0000
236 893 1.2353 8.0000
236 894 1.3630 8.0000
237 240 0.9206 8.0000
237 242 1.3470 8.0000
237 884 1.4758 8.0000
237 886 1.3502 8.0000
237 888 1.2289 8.0000
237 889 1.3718 8.0000
237 890 1.1946 8.0000
237 891 1.2042 8.0000
237 892 1.3268 8.0000
237 893 1.2971 8.0000
238 241 0.8942 8.0000
238 242 0.8620 8.0000
238 243 1.3611 8.0000
238 244 1.2574 8.0000
238 876 1.4747 8.0000
238 878 1.2752 8.0000
238 880 1.1219 8.0000
238 882 0.9998 8.0000
238 883 1.3870 8.0000
238 884 0.9044 8.0000
238 885 1.2361 8.0000
238 886 0.8586 8.0000
238 887 1.2290 8.0000
238 888 0.9083 8.0000
238 889 1.2246 8.0000
238 890 1.0825 8.0000
238 891 1.3168 8.0000
238 892 1.3630 8.0000
239 242 0.8879 8.0000
239 244 1.3195 8.0000
239 880 1.4487 8.0000
239 882 1.3548 8.0000
239 884 1.2360 8.0000
239 885 1.4633 8.0000
239 886 1.1262 8.0000
239 887 1.2718 8.0000
239 888 1.1011 8.0000
239 889 1.2023 8.0000
239 890 1.2353 8.0000
239 891 1.3141 8.0000
240 243 0.9356 8.0000
240 244 0.8620 8.0000
240 245 1.4133 8.0000
240 246 1.2574 8.0000
240 874 1.4747 8.0000
240 876 1.2752 8.0000
240 878 1.1219 8.0000
240 880 0.9998 8.0000
240 881 1.4375 8.0000
240 882 0.9045 8.0000
240 883 1.2873 8.0000
240 884 0.8586 8.0000
240 885 1.1262 8.0000
240 886 0.9084 8.0000
240 887 1.1946 8.0000
240 888 1.0825 8.0000
240 889 1.3510 8.0000
240 890 1.3630 8.0000
241 244 0.8786 8.0000
241 246 1.3043 8.0000
241 878 1.4601 8.0000
241 880 1.3869 8.0000
241 882 1.2872 8.0000
241 884 1.1942 8.0000
241 885 1.2895 8.0000
241 886 1.1808 8.0000
241 887 1.2043 8.0000
241 888 1.3168 8.0000
241 889 1.4007 8.0000
242 245 0.9984 8.0000
242 246 0.8620 8.0000
242 247 1.2516 8.0000
242 248 1.2573 8.0000
242 872 1.4747 8.0000
242 874 1.2752 8.0000
242 876 1.1219 8.0000
242 877 1.4487 8.0000
242 878 0.9998 8.0000
242 879 1.4758 8.0000
242 880 0.9045 8.0000
242 881 1.3407 8.0000
242 882 0.8585 8.0000
242 883 1.1943 8.0000
242 884 0.9083 8.0000
242 885 1.1012 8.0000
242 886 1.0825 8.0000
242 887 1.3268 8.0000
242 888 1.3630 8.0000
243 246 0.9122 8.0000
243 248 1.3344 8.0000
243 878 1.4376 8.0000
243 880 1.3408 8.0000
243 882 1.2456 8.0000
243 883 1.3965 8.0000
243 884 1.2245 8.0000
243 885 1.2022 8.0000
243 886 1.3509 8.0000
243 887 1.3749 8.0000
244 247 0.8309 8.0000
244 248 0.8620 8.0000
244 249 1.3201 8.0000
244 250 1.2574 8.0000
244 870 1.4747 8.0000
244 872 1.2752 8.0000
244 874 1.1219 8.0000
244 875 1.4601 8.0000
244 876 0.9998 8.0000
244 877 1.3547 8.0000
244 878 0.9045 8.0000
244 879 1.3502 8.0000
244 880 0.8586 8.0000
244 881 1.2456 8.0000
244 882 0.9083 8.0000
244 883 1.1808 8.0000
244 884 1.0825 8.0000
244 885 1.2353 8.0000
244 886 1.3630 8.0000
245 248 0.9207 8.0000
245 250 1.3470 8.0000
245 876 1.4759 8.0000
245 878 1.3502 8.0000
245 880 1.2290 8.0000
245 881 1.3718 8.0000
245 882 1.1946 8.0000
245 883 1.2043 8.0000
245 884 1.3268 8.0000
245 885 1.2971 8.0000
246 249 0.8942 8.0000
246 250 0.8620 8.0000
246 251 1.3611 8.0000
246 252 1.2574 8.0000
246 868 1.4747 8.0000
246 870 1.2751 8.0000
246 872 1.1219 8.0000
246 874 0.9998 8.0000
246 875 1.3869 8.0000
246 876 0.9045 8.0000
246 877 1.2360 8.0000
246 878 0.8586 8.0000
246 879 1.2289 8.0000
246 880 0.9083 8.0000
246 881 1.2245 8.0000
246 882 1.0825 8.0000
246 883 1.3168 8.0000
246 884 1.3630 8.0000
247 250 0.8879 8.0000
247 252 1.3195 8.0000
247 872 1.4487 8.0000
247 874 1.3547 8.0000
247 876 1.2361 8.0000
247 877 1.4632 8.0000
247 878 1.1262 8.0000
247 879 1.2717 8.0000
247 880 1.1012 8.0000
247 881 1.2021 8.0000
247 882 1.2353 8.0000
247 883 1.3141 8.0000
248 251 0.9356 8.0000
248 252 0.8620 8.0000
248 253 1.4133 8.0000
248 254 1.2574 8.0000
248 866 1.4747 8.0000
248 868 1.2751 8.0000
248 870 1.1219 8.0000
248 872 0.9997 8.0000
248 873 1.4374 8.0000
248 874 0.9044 8.0000
248 875 1.2872 8.0000
248 876 0.8585 8.0000
248 877 1.1261 8.0000
248 878 0.9083 8.0000
248 879 1.1946 8.0000
248 880 1.0825 8.0000
248 881 1.3509 8.0000
248 882 1.3630 8.0000
249 252 0.8786 8.0000
249 254 1.3044 8.0000
249 870 1.4601 8.0000
249 872 1.3869 8.0000
249 874 1.2872 8.0000
249 876 1.1943 8.0000
249 877 1.2896 8.0000
249 878 1.1808 8.0000
249 879 1.2043 8.0000
249 880 1.3169 8.0000
249 881 1.4006 8.0000
250 253 0.9985 8.0000
250 254 0.8620 8.0000
250 255 1.2516 8.0000
250 256 1.2573 8.0000
250 864 1.4747 8.0000
250 866 1.2752 8.0000
250 868 1.1219 8.0000
250 869 1.4487 8.0000
250 870 0.9997 8.0000
250 871 1.4758 8.0000
250 872 0.9044 8.0000
250 873 1.3407 8.0000
250 874 0.8585 8.0000
250 875 1.1943 8.0000
250 876 0.9083 8.0000
250 877 1.1011 8.0000
250 878 1.0825 8.0000
250 879 1.3268 8.0000
250 880 1.3630 8.0000
251 254 0.9122 8.0000
251 256 1.3344 8.0000
251 870 1.4375 8.0000
251 872 1.3407 8.0000
251 874 1.2456 8.0000
251 875 1.3966 8.0000
251 876 1.2246 8.0000
251 877 1.2022 8.0000
251 878 1.3510 8.0000
251 879 1.3750 8.0000
252 255 0.8309 8.0000
252 256 0.8620 8.0000
252 257 1.3202 8.0000
252 258 1.2574 8.0000
252 862 1.4747 8.0000
252 864 1.2752 8.0000
252 866 1.1220 8.0000
252 867 1.4601 8.0000
252 868 0.9998 8.0000
252 869 1.3548 8.0000
252 870 0.9045 8.0000
252 871 1.3502 8.0000
252 872 0.8586 8.0000
252 873 1.2457 8.0000
252 874 0.9083 8.0000
252 875 1.1808 8.0000
252 876 1.0825 8.0000
252 877 1.2353 8.0000
252 878 1.3630 8.0000
253 256 0.9207 8.0000
253 258 1.3471 8.0000
253 868 1.4759 8.0000
253 870 1.3502 8.0000
253 872 1.2289 8.0000
253 873 1.3718 8.0000
253 874 1.1946 8.0000
253 875 1.2043 8.0000
253 876 1.3269 8.0000
253 877 1.2972 8.0000
254 257 0.8942 8.0000
254 258 0.8620 8.0000
254 259 1.3611 8.0000
254 260 1.2574 8.0000
254 860 1.4747 8.0000
254 862 1.2751 8.0000
254 864 1.1219 8.0000
254 866 0.9998 8.0000
254 867 1.3869 8.0000
254 868 0.9044 8.0000
254 869 1.2361 8.0000
254 870 0.8585 8.0000
254 871 1.2289 8.0000
254 872 0.9083 8.0000
254 873 1.2245 8.0000
254 874 1.0825 8.0000
254 875 1.3168 8.0000
254 876 1.3630 8.0000
255 258 0.8879 8.0000
255 260 1.3196 8.0000
255 864 1.4487 8.0000
255 866 1.3548 8.0000
255 868 1.2361 8.0000
255 869 1.4633 8.0000
255 870 1.1262 8.0000
255 871 1.2717 8.0000
255 872 1.1011 8.0000
255 873 1.2022 8.0000
255 874 1.2353 8.0000
255 875 1.3141 8.0000
256 259 0.9356 8.0000
256 260 0.8620 8.0000
256 261 1.4133 8.0000
256 262 1.2574 8.0000
256 858 1.4747 8.0000
256 860 1.2751 8.0000
256 862 1.1219 8.0000
256 864 0.9997 8.0000
256 865 1.4375 8.0000
256 866 0.9045 8.0000
256 867 1.2872 8.0000
256 868 0.8585 8.0000
256 869 1.1262 8.0000
256 870 0.9083 8.0000
256 871 1.1946 8.0000
256 872 1.0825 8.0000
256 873 1.3509 8.0000
256 874 1.3630 8.0000
257 260 0.8786 8.0000
257 262 1.3043 8.0000
257 862 1.4601 8.0000
257 864 1.3869 8.0000
257 866 1.2872 8.0000
257 868 1.1942 8.0000
257 869 1.2896 8.0000
257 870 1.1807 8.0000
257 871 1.2042 8.0000
257 872 1.3168 8.0000
257 873 1.4007 8.0000
258 261 0.9984 8.0000
258 262 0.8620 8.0000
258 263 1.2515 8.0000
258 264 1.2573 8.0000
258 856 1.4747 8.0000
258 858 1.2752 8.0000
258 860 1.1219 8.0000
258 861 1.4487 8.0000
258 862 0.9997 8.0000
258 863 1.4758 8.0000
258 864 0.9044 8.0000
258 865 1.3407 8.0000
258 866 0.8586 8.0000
258 867 1.1943 8.0000
258 868 0.9083 8.0000
258 869 1.1011 8.0000
258 870 1.0825 8.0000
258 871 1.3268 8.0000
258 872 1.3630 8.0000
259 262 0.9121 8.0000
259 264 1.3343 8.0000
259 862 1.4374 8.0000
259 864 1.3407 8.0000
259 866 1.2457 8.0000
259 867 1.3965 8.0000
259 868 1.2245 8.0000
259 869 1.2022 8.0000
259 870 1.3509 8.0000
259 871 1.3750 8.0000
260 263 0.8308 8.0000
260 264 0.8620 8.0000
260 265 1.3201 8.0000
260 266 1.2573 8.0000
260 854 1.4747 8.0000
260 856 1.2752 8.0000
260 858 1.1219 8.0000
260 859 1.4601 8.0000
260 860 0.9998 8.0000
260 861 1.3547 8.0000
260 862 0.9044 8.0000
260 863 1.3501 8.0000
260 864 0.8585 8.0000
260 865 1.2456 8.0000
260 866 0.9083 8.0000
260 867 1.1807 8.0000
260 868 1.0825 8.0000
260 869 1.2353 8.0000
260 870 1.3630 8.0000
261 264 0.9207 8.0000
261 266 1.3470 8.0000
261 860 1.4759 8.0000
261 862 1.3502 8.0000
261 864 1.2290 8.0000
261 865 1.3718 8.0000
261 866 1.1946 8.0000
261 867 1.2043 8.0000
261 868 1.3268 8.0000
261 869 1.2971 8.0000
262 265 0.8942 8.0000
262 266 0.8620 8.0000
262 267 1.3611 8.0000
262 268 1.2574 8.0000
262 852 1.4747 8.0000
262 854 1.2752 8.0000
262 856 1.1219 8.0000
262 858 0.9998 8.0000
262 859 1.3870 8.0000
262 860 0.9045 8.0000
262 861 1.2361 8.0000
262 862 0.8585 8.0000
262 863 1.2289 8.0000
262 864 0.9083 8.0000
262 865 1.2245 8.0000
262 866 1.0825 8.0000
262 867 1.3168 8.0000
262 868 1.3630 8.0000
263 266 0.8878 8.0000
263 268 1.3195 8.0000
263 856 1.4487 8.0000
263 858 1.3547 8.0000
263 860 1.2360 8.0000
263 861 1.4632 8.0000
263 862 1.1261 8.0000
263 863 1.2717 8.0000
263 864 1.1011 8.0000
263 865 1.2021 8.0000
263 866 1.2353 8.0000
263 867 1.3141 8.0000
264 267 0.9356 8.0000
264 268 0.8620 8.0000
264 269 1.4133 8.0000
264 270 1.2574 8.0000
264 850 1.4747 8.0000
264 852 1.2752 8.0000
264 854 1.1219 8.0000
264 856 0.9998 8.0000
264 857 1.4375 8.0000
264 858 0.9045 8.0000
264 859 1.2873 8.0000
264 860 0.8586 8.0000
264 861 1.1262 8.0000
264 862 0.9083 8.0000
264 863 1.1946 8.0000
264 864 1.0825 8.0000
264 865 1.3509 8.0000
264 866 1.3630 8.0000
265 268 0.8786 8.0000
265 270 1.3043 8.0000
265 854 1.4601 8.0000
265 856 1.3869 8.0000
265 858 1.2872 8.0000
265 860 1.1942 8.0000
265 861 1.2895 8.0000
265 862 1.1807 8.0000
265 863 1.2042 8.0000
265 864 1.3168 8.0000
265 865 1.4006 8.0000
266 269 0.9985 8.0000
266 270 0.8620 8.0000
266 271 1.2516 8.0000
266 272 1.2574 8.0000
266 848 1.4747 8.0000
266 850 1.2752 8.0000
266 852 1.1219 8.0000
266 853 1.4487 8.0000
266 854 0.9998 8.0000
266 855 1.4759 8.0000
266 856 0.9045 8.0000
266 857 1.3408 8.0000
266 858 0.8586 8.0000
266 859 1.1943 8.0000
266 860 0.9083 8.0000
266 861 1.1012 8.0000
266 862 1.0825 8.0000
266 863 1.3268 8.0000
266 864 1.3630 8.0000
267 270 0.9121 8.0000
267 272 1.3343 8.0000
267 854 1.4375 8.0000
267 856 1.3407 8.0000
267 858 1.2457 8.0000
267 859 1.3965 8.0000
267 860 1.2245 8.0000
267 861 1.2022 8.0000
267 862 1.3509 8.0000
267 863 1.3750 8.0000
268 271 0.8309 8.0000
268 272 0.8620 8.0000
268 273 1.3201 8.0000
268 274 1.2574 8.0000
268 846 1.4747 8.0000
268 848 1.2752 8.0000
268 850 1.1219 8.0000
268 851 1.4600 8.0000
268 852 0.9998 8.0000
268 853 1.3548 8.0000
268 854 0.9045 8.0000
268 855 1.3502 8.0000
268 856 0.8585 8.0000
268 857 1.2457 8.0000
268 858 0.9083 8.0000
268 859 1.1807 8.0000
268 860 1.0825 8.0000
268 861 1.2353 8.0000
268 862 1.3630 8.0000
269 272 0.9206 8.0000
269 274 1.3470 8.0000
269 852 1.4759 8.0000
269 854 1.3502 8.0000
269 856 1.2289 8.0000
269 857 1.3718 8.0000
269 858 1.1946 8.0000
269 859 1.2042 8.0000
269 860 1.3268 8.0000
269 861 1.2971 8.0000
270 273 0.8942 8.0000
270 274 0.8620 8.0000
270 275 1.3611 8.0000
270 276 1.2573 8.0000
270 844 1.4747 8.0000
270 846 1.2752 8.0000
270 848 1.1219 8.0000
270 850 0.9998 8.0000
270 851 1.3869 8.0000
270 852 0.9044 8.0000
270 853 1.2360 8.0000
270 854 0.8586 8.0000
270 855 1.2290 8.0000
270 856 0.9083 8.0000
270 857 1.2246 8.0000
270 858 1.0825 8.0000
270 859 1.3168 8.0000
270 860 1.3630 8.0000
271 274 0.8879 8.0000
271 276 1.3195 8.0000
271 848 1.4487 8.0000
271 850 1.3548 8.0000
271 852 1.2361 8.0000
271 853 1.4633 8.0000
271 854 1.1262 8.0000
271 855 1.2718 8.0000
271 856 1.1012 8.0000
271 857 1.2022 8.0000
271 858 1.2353 8.0000
271 859 1.3141 8.0000
272 275 0.9356 8.0000
272 276 0.8620 8.0000
272 277 1.4133 8.0000
272 278 1.2574 8.0000
272 842 1.4747 8.0000
272 844 1.2751 8.0000
272 846 1.1219 8.0000
272 848 0.9998 8.0000
272 849 1.4375 8.0000
272 850 0.9045 8.0000
272 851 1.2872 8.0000
272 852 0.8586 8.0000
272 853 1.1262 8.0000
272 854 0.9084 8.0000
272 855 1.1946 8.0000
272 856 1.0825 8.0000
272 857 1.3510 8.0000
272 858 1.3630 8.0000
273 276 0.8786 8.0000
273 278 1.3043 8.0000
273 846 1.4601 8.0000
273 848 1.3870 8.0000
273 850 1.2872 8.0000
273 852 1.1943 8.0000
273 853 1.2896 8.0000
273 854 1.1808 8.0000
273 855 1.2042 8.0000
273 856 1.3168 8.0000
273 857 1.4007 8.0000
274 277 0.9984 8.0000
274 278 0.8620 8.0000
274 279 1.2515 8.0000
274 280 1.2574 8.0000
274 840 1.4747 8.0000
274 842 1.2752 8.0000
274 844 1.1219 8.0000
274 845 1.4487 8.0000
274 846 0.9998 8.0000
274 847 1.4759 8.0000
274 848 0.9045 8.0000
274 849 1.3407 8.0000
274 850 0.8586 8.0000
274 851 1.1943 8.0000
274 852 0.9083 8.0000
274 853 1.1011 8.0000
274 854 1.0825 8.0000
274 855 1.3268 8.0000
274 856 1.3630 8.0000
275 278 0.9121 8.0000
275 280 1.3343 8.0000
275 846 1.4375 8.0000
275 848 1.3407 8.0000
275 850 1.2457 8.0000
275 851 1.3966 8.0000
275 852 1.2246 8.0000
275 853 1.2023 8.0000
275 854 1.3510 8.0000
275 855 1.3750 8.0000
276 279 0.8309 8.0000
276 280 0.8620 8.0000
276 281 1.3201 8.0000
276 282 1.2574 8.0000
276 838 1.4747 8.0000
276 840 1.2751 8.0000
276 842 1.1219 8.0000
276 843 1.4601 8.0000
276 844 0.9997 8.0000
276 845 1.3548 8.0000
276 846 0.9045 8.0000
276 847 1.3502 8.0000
276 848 0.8586 8.0000
276 849 1.2456 8.0000
276 850 0.9084 8.0000
276 851 1.1808 8.0000
276 852 1.0825 8.0000
276 853 1.2353 8.0000
276 854 1.3630 8.0000
277 280 0.9206 8.0000
277 282 1.3470 8.0000
277 844 1.4758 8.0000
277 846 1.3501 8.0000
277 848 1.2289 8.0000
277 849 1.3718 8.0000
277 850 1.1946 8.0000
277 851 1.2043 8.0000
277 852 1.3268 8.0000
277 853 1.2971 8.0000
278 281 0.8942 8.0000
278 282 0.8620 8.0000
278 283 1.3611 8.0000
278 284 1.2574 8.0000
278 836 1.4747 8.0000
278 838 1.2752 8.0000
278 840 1.1219 8.0000
278 842 0.9998 8.0000
278 843 1.3870 8.0000
278 844 0.9045 8.0000
278 845 1.2362 8.0000
278 846 0.8586 8.0000
278 847 1.2290 8.0000
278 848 0.9084 8.0000
278 849 1.2245 8.0000
278 850 1.0825 8.0000
278 851 1.3168 8.0000
278 852 1.3630 8.0000
279 282 0.8878 8.0000
279 284 1.3195 8.0000
279 840 1.4487 8.0000
279 842 1.3547 8.0000
279 844 1.2361 8.0000
279 845 1.4633 8.0000
279 846 1.1261 8.0000
279 847 1.2718 8.0000
279 848 1.1011 8.0000
279 849 1.2021 8.0000
279 850 1.2353 8.0000
279 851 1.3141 8.0000
280 283 0.9355 8.0000
280 284 0.8620 8.0000
280 285 1.4133 8.0000
280 286 1.2574 8.0000
280 834 1.4747 8.0000
280 836 1.2752 8.0000
280 838 1.1219 8.0000
280 840 0.9998 8.0000
280 841 1.4375 8.0000
280 842 0.9044 8.0000
280 843 1.2872 8.0000
280 844 0.8586 8.0000
280 845 1.1263 8.0000
280 846 0.9083 8.0000
280 847 1.1946 8.0000
280 848 1.0825 8.0000
280 849 1.3508 8.0000
280 850 1.3630 8.0000
281 284 0.8786 8.0000
281 286 1.3043 8.0000
281 838 1.4601 8.0000
281 840 1.3869 8.0000
281 842 1.2871 8.0000
281 844 1.1943 8.0000
281 845 1.2896 8.0000
281 846 1.1807 8.0000
281 847 1.2043 8.0000
281 848 1.3168 8.0000
281 849 1.4006 8.0000
282 285 0.9985 8.0000
282 286 0.8620 8.0000
282 287 1.2516 8.0000
282 288 1.2574 8.0000
282 832 1.4747 8.0000
282 834 1.2752 8.0000
282 836 1.1219 8.0000
282 837 1.4487 8.0000
282 838 0.9998 8.0000
282 839 1.4759 8.0000
282 840 0.9045 8.0000
282 841 1.3407 8.0000
282 842 0.8586 8.0000
282 843 1.1943 8.0000
282 844 0.9084 8.0000
282 845 1.1012 8.0000
282 846 1.0825 8.0000
282 847 1.3269 8.0000
282 848 1.3630 8.0000
283 286 0.9121 8.0000
283 288 1.3344 8.0000
283 838 1.4375 8.0000
283 840 1.3407 8.0000
283 842 1.2456 8.0000
283 843 1.3964 8.0000
283 844 1.2245 8.0000
283 845 1.2021 8.0000
283 846 1.3508 8.0000
283 847 1.3749 8.0000
284 287 0.8308 8.0000
284 288 0.8620 8.0000
284 289 1.3201 8.0000
284 290 1.2573 8.0000
284 830 1.4747 8.0000
284 832 1.2752 8.0000
284 834 1.1219 8.0000
284 835 1.4600 8.0000
284 836 0.9998 8.0000
284 837 1.3547 8.0000
284 838 0.9045 8.0000
284 839 1.3501 8.0000
284 840 0.8585 8.0000
284 841 1.2456 8.0000
284 842 0.9083 8.0000
284 843 1.1807 8.0000
284 844 1.0825 8.0000
284 845 1.2353 8.0000
284 846 1.3630 8.0000
285 288 0.9207 8.0000
285 290 1.3470 8.0000
285 836 1.4759 8.0000
285 838 1.3502 8.0000
285 840 1.2290 8.0000
285 841 1.3718 8.0000
285 842 1.1946 8.0000
285 843 1.2042 8.0000
285 844 1.3269 8.0000
285 845 1.2971 8.0000
286 289 0.8942 8.0000
286 290 0.8620 8.0000
286 291 1.3611 8.0000
286 292 1.2574 8.0000
286 828 1.4747 8.0000
286 830 1.2752 8.0000
286 832 1.1219 8.0000
286 834 0.9998 8.0000
286 835 1.3869 8.0000
286 836 0.9045 8.0000
286 837 1.2360 8.0000
286 838 0.8586 8.0000
286 839 1.2289 8.0000
286 840 0.9083 8.0000
286 841 1.2246 8.0000
286 842 1.0825 8.0000
286 843 1.3168 8.0000
286 844 1.3630 8.0000
287 290 0.8878 8.0000
287 292 1.3195 8.0000
287 832 1.4487 8.0000
287 834 1.3547 8.0000
287 836 1.2361 8.0000
287 837 1.4632 8.0000
287 838 1.1262 8.0000
287 839 1.2717 8.0000
287 840 1.1011 8.0000
287 841 1.2022 8.0000
287 842 1.2353 8.0000
287 843 1.3141 8.0000
288 291 0.9355 8.0000
288 292 0.8620 8.0000
288 293 1.4133 8.0000
288 294 1.2574 8.0000
288 826 1.4747 8.0000
288 828 1.2751 8.0000
288 830 1.1219 8.0000
288 832 0.9998 8.0000
288 833 1.4374 8.0000
288 834 0.9045 8.0000
288 835 1.2872 8.0000
288 836 0.8586 8.0000
288 837 1.1261 8.0000
288 838 0.9083 8.0000
288 839 1.1945 8.0000
288 840 1.0825 8.0000
288 841 1.3509 8.0000
288 842 1.3630 8.0000
289 292 0.8787 8.0000
289 294 1.3043 8.0000
289 830 1.4601 8.0000
289 832 1.3869 8.0000
289 834 1.2872 8.0000
289 836 1.1943 8.0000
289 837 1.2896 8.0000
289 838 1.1808 8.0000
289 839 1.2043 8.0000
289 840 1.3168 8.0000
289 841 1.4007 8.0000
290 293 0.9985 8.0000
290 294 0.8620 8.0000
290 295 1.2516 8.0000
290 296 1.2574 8.0000
290 824 1.4747 8.0000
290 826 1.2751 8.0000
290 828 1.1219 8.0000
290 829 1.4487 8.0000
290 830 0.9997 8.0000
290 831 1.4758 8.0000
290 832 0.9044 8.0000
290 833 1.3407 8.0000
290 834 0.8585 8.0000
290 835 1.1942 8.0000
290 836 0.9083 8.0000
290 837 1.1011 8.0000
290 838 1.0825 8.0000
290 839 1.3268 8.0000
290 840 1.3630 8.0000
291 294 0.9121 8.0000
291 296 1.3343 8.0000
291 830 1.4374 8.0000
291 832 1.3406 8.0000
291 834 1.2456 8.0000
291 835 1.3965 8.0000
291 836 1.2246 8.0000
291 837 1.2022 8.0000
291 838 1.3509 8.0000
291 839 1.3750 8.0000
292 295 0.8308 8.0000
292 296 0.8620 8.0000
292 297 1.3201 8.0000
292 298 1.2573 8.0000
292 822 1.4747 8.0000
292 824 1.2752 8.0000
292 826 1.1219 8.0000
292 827 1.4601 8.0000
292 828 0.9997 8.0000
292 829 1.3548 8.0000
292 830 0.9044 8.0000
292 831 1.3501 8.0000
292 832 0.8585 8.0000
292 833 1.2456 8.0000
292 834 0.9083 8.0000
292 835 1.1807 8.0000
292 836 1.0825 8.0000
292 837 1.2353 8.0000
292 838 1.3630 8.0000
293 296 0.9207 8.0000
293 298 1.3470 8.0000
293 828 1.4758 8.0000
293 830 1.3501 8.0000
293 832 1.2289 8.0000
293 833 1.3718 8.0000
293 834 1.1946 8.0000
293 835 1.2043 8.0000
293 836 1.3268 8.0000
293 837 1.2972 8.0000
294 297 0.8943 8.0000
294 298 0.8620 8.0000
294 299 1.3611 8.0000
294 300 1.2574 8.0000
294 820 1.4747 8.0000
294 822 1.2752 8.0000
294 824 1.1220 8.0000
294 826 0.9998 8.0000
294 827 1.3870 8.0000
294 828 0.9045 8.0000
294 829 1.2361 8.0000
294 830 0.8586 8.0000
294 831 1.2290 8.0000
294 832 0.9083 8.0000
294 833 1.2246 8.0000
294 834 1.0825 8.0000
294 835 1.3168 8.0000
294 836 1.3630 8.0000
295 298 0.8878 8.0000
295 300 1.3196 8.0000
295 824 1.4487 8.0000
295 826 1.3547 8.0000
295 828 1.2360 8.0000
295 829 1.4632 8.0000
295 830 1.1261 8.0000
295 831 1.2717 8.0000
295 832 1.1011 8.0000
295 833 1.2022 8.0000
295 834 1.2353 8.0000
295 835 1.3141 8.0000
296 299 0.9355 8.0000
296 300 0.8620 8.0000
296 301 1.4132 8.0000
296 302 1.2574 8.0000
296 818 1.4747 8.0000
296 820 1.2751 8.0000
296 822 1.1219 8.0000
296 824 0.9998 8.0000
296 825 1.4374 8.0000
296 826 0.9044 8.0000
296 827 1.2872 8.0000
296 828 0.8585 8.0000
296 829 1.1261 8.0000
296 830 0.9083 8.0000
296 831 1.1945 8.0000
296 832 1.0825 8.0000
296 833 1.3509 8.0000
296 834 1.3630 8.0000
297 300 0.8787 8.0000
297 302 1.3044 8.0000
297 822 1.4601 8.0000
297 824 1.3870 8.0000
297 826 1.2872 8.0000
297 828 1.1943 8.0000
297 829 1.2896 8.0000
297 830 1.1807 8.0000
297 831 1.2043 8.0000
297 832 1.3168 8.0000
297 833 1.4007 8.0000
298 301 0.9985 8.0000
298 302 0.8620 8.0000
298 303 1.2515 8.0000
298 304 1.2574 8.0000
298 816 1.4747 8.0000
298 818 1.2751 8.0000
298 820 1.1219 8.0000
298 821 1.4487 8.0000
298 822 0.9997 8.0000
298 823 1.4758 8.0000
298 824 0.9045 8.0000
298 825 1.3406 8.0000
298 826 0.8585 8.0000
298 827 1.1943 8.0000
298 828 0.9083 8.0000
298 829 1.1012 8.0000
298 830 1.0825 8.0000
298 831 1.3268 8.0000
298 832 1.3630 8.0000
299 302 0.9122 8.0000
299 304 1.3343 8.0000
299 822 1.4375 8.0000
299 824 1.3407 8.0000
299 826 1.2456 8.0000
299 827 1.3965 8.0000
299 828 1.2246 8.0000
299 829 1.2022 8.0000
299 830 1.3509 8.0000
299 831 1.3750 8.0000
300 303 0.8308 8.0000
300 304 0.8620 8.0000
300 305 1.3200 8.0000
300 306 1.2573 8.0000
300 814 1.4747 8.0000
300 816 1.2752 8.0000
300 818 1.1219 8.0000
300 819 1.4601 8.0000
300 820 0.9997 8.0000
300 821 1.3548 8.0000
300 822 0.9044 8.0000
300 823 1.3501 8.0000
300 824 0.8586 8.0000
300 825 1.2456 8.0000
300 826 0.9083 8.0000
300 827 1.1807 8.0000
300 828 1.0825 8.0000
300 829 1.2353 8.0000
300 830 1.3630 8.0000
301 304 0.9207 8.0000
301 306 1.3470 8.0000
301 820 1.4758 8.0000
301 822 1.3501 8.0000
301 824 1.2290 8.0000
301 825 1.3718 8.0000
301 826 1.1945 8.0000
301 827 1.2043 8.0000
301 828 1.3268 8.0000
301 829 1.2971 8.0000
302 305 0.8941 8.0000
302 306 0.8620 8.0000
302 307 1.3610 8.0000
302 308 1.2573 8.0000
302 812 1.4747 8.0000
302 814 1.2752 8.0000
302 816 1.1219 8.0000
302 818 0.9998 8.0000
302 819 1.3869 8.0000
302 820 0.9044 8.0000
302 821 1.2360 8.0000
302 822 0.8585 8.0000
302 823 1.2289 8.0000
302 824 0.9083 8.0000
302 825 1.2245 8.0000
302 826 1.0825 8.0000
302 827 1.3168 8.0000
302 828 1.3630 8.0000
303 306 0.8878 8.0000
303 308 1.3195 8.0000
303 816 1.4486 8.0000
303 818 1.3547 8.0000
303 820 1.2360 8.0000
303 821 1.4632 8.0000
303 822 1.1261 8.0000
303 823 1.2717 8.0000
303 824 1.1011 8.0000
303 825 1.2022 8.0000
303 826 1.2353 8.0000
303 827 1.3141 8.0000
304 307 0.9355 8.0000
304 308 0.8620 8.0000
304 309 1.4133 8.0000
304 310 1.2574 8.0000
304 810 1.4747 8.0000
304 812 1.2751 8.0000
304 814 1.1219 8.0000
304 816 0.9998 8.0000
304 817 1.4375 8.0000
304 818 0.9045 8.0000
304 819 1.2872 8.0000
304 820 0.8585 8.0000
304 821 1.1262 8.0000
304 822 0.9083 8.0000
304 823 1.1946 8.0000
304 824 1.0825 8.0000
304 825 1.3509 8.0000
304 826 1.3630 8.0000
305 308 0.8786 8.0000
305 310 1.3043 8.0000
305 814 1.4600 8.0000
305 816 1.3869 8.0000
305 818 1.2872 8.0000
305 820 1.1942 8.0000
305 821 1.2896 8.0000
305 822 1.1807 8.0000
305 823 1.2043 8.0000
305 824 1.3168 8.0000
305 825 1.4007 8.0000
306 309 0.9985 8.0000
306 310 0.8620 8.0000
306 311 1.2516 8.0000
306 312 1.2574 8.0000
306 808 1.4747 8.0000
306 810 1.2752 8.0000
306 812 1.1219 8.0000
306 813 1.4487 8.0000
306 814 0.9998 8.0000
306 815 1.4759 8.0000
306 816 0.9045 8.0000
306 817 1.3408 8.0000
306 818 0.8586 8.0000
306 819 1.1943 8.0000
306 820 0.9083 8.0000
306 821 1.1012 8.0000
306 822 1.0825 8.0000
306 823 1.3268 8.0000
306 824 1.3630 8.0000
307 310 0.9122 8.0000
307 312 1.3344 8.0000
307 814 1.4375 8.0000
307 816 1.3407 8.0000
307 818 1.2456 8.0000
307 819 1.3965 8.0000
307 820 1.2245 8.0000
307 821 1.2021 8.0000
307 822 1.3508 8.0000
307 823 1.3749 8.0000
308 311 0.8309 8.0000
308 312 0.8620 8.0000
308 313 1.3202 8.0000
308 314 1.2574 8.0000
308 806 1.4747 8.0000
308 808 1.2752 8.0000
308 810 1.1219 8.0000
308 811 1.4601 8.0000
308 812 0.9998 8.0000
308 813 1.3547 8.0000
308 814 0.9045 8.0000
308 815 1.3502 8.0000
308 816 0.8586 8.0000
308 817 1.2457 8.0000
308 818 0.9083 8.0000
308 819 1.1808 8.0000
308 820 1.0825 8.0000
308 821 1.2353 8.0000
308 822 1.3630 8.0000
309 312 0.9207 8.0000
309 314 1.3469 8.0000
309 812 1.4759 8.0000
309 814 1.3501 8.0000
309 816 1.2290 8.0000
309 817 1.3718 8.0000
309 818 1.1945 8.0000
309 819 1.2043 8.0000
309 820 1.3268 8.0000
309 821 1.2971 8.0000
310 313 0.8943 8.0000
310 314 0.8620 8.0000
310 315 1.3611 8.0000
310 316 1.2574 8.0000
310 804 1.4747 8.0000
310 806 1.2752 8.0000
310 808 1.1220 8.0000
310 810 0.9998 8.0000
310 811 1.3869 8.0000
310 812 0.9045 8.0000
310 813 1.2360 8.0000
310 814 0.8585 8.0000
310 815 1.2290 8.0000
310 816 0.9083 8.0000
310 817 1.2246 8.0000
310 818 1.0825 8.0000
310 819 1.3168 8.0000
310 820 1.3630 8.0000
311 314 0.8878 8.0000
311 316 1.3196 8.0000
311 808 1.4487 8.0000
311 810 1.3548 8.0000
311 812 1.2361 8.0000
311 813 1.4632 8.0000
311 814 1.1262 8.0000
311 815 1.2717 8.0000
311 816 1.1012 8.0000
311 817 1.2022 8.0000
311 818 1.2353 8.0000
311 819 1.3141 8.0000
312 315 0.9355 8.0000
312 316 0.8620 8.0000
312 317 1.4133 8.0000
312 318 1.2574 8.0000
312 802 1.4747 8.0000
312 804 1.2752 8.0000
312 806 1.1219 8.0000
312 808 0.9998 8.0000
312 809 1.4374 8.0000
312 810 0.9044 8.0000
312 811 1.2871 8.0000
312 812 0.8586 8.0000
312 813 1.1261 8.0000
312 814 0.9083 8.0000
312 815 1.1946 8.0000
312 816 1.0825 8.0000
312 817 1.3509 8.0000
312 818 1.3630 8.0000
313 316 0.8787 8.0000
313 318 1.3044 8.0000
313 806 1.4602 8.0000
313 808 1.3870 8.0000
313 810 1.2872 8.0000
313 812 1.1943 8.0000
313 813 1.2895 8.0000
313 814 1.1807 8.0000
313 815 1.2042 8.0000
313 816 1.3168 8.0000
313 817 1.4007 8.0000
314 317 0.9985 8.0000
314 318 0.8620 8.0000
314 319 1.2516 8.0000
314 320 1.2574 8.0000
314 800 1.4747 8.0000
314 802 1.2751 8.0000
314 804 1.1219 8.0000
314 805 1.4487 8.0000
314 806 0.9998 8.0000
314 807 1.4758 8.0000
314 808 0.9045 8.0000
314 809 1.3406 8.0000
314 810 0.8586 8.0000
314 811 1.1943 8.0000
314 812 0.9084 8.0000
314 813 1.1012 8.0000
314 814 1.0825 8.0000
314 815 1.3269 8.0000
314 816 1.3630 8.0000
315 318 0.9121 8.0000
315 320 1.3343 8.0000
315 806 1.4375 8.0000
315 808 1.3407 8.0000
315 810 1.2456 8.0000
315 811 1.3965 8.0000
315 812 1.2246 8.0000
315 813 1.2022 8.0000
315 814 1.3509 8.0000
315 815 1.3750 8.0000
316 319 0.8308 8.0000
316 320 0.8620 8.0000
316 321 1.3200 8.0000
316 322 1.2574 8.0000
316 798 1.4747 8.0000
316 800 1.2752 8.0000
316 802 1.1219 8.0000
316 803 1.4601 8.0000
316 804 0.9998 8.0000
316 805 1.3548 8.0000
316 806 0.9045 8.0000
316 807 1.3501 8.0000
316 808 0.8586 8.0000
316 809 1.2455 8.0000
316 810 0.9083 8.0000
316 811 1.1807 8.0000
316 812 1.0825 8.0000
316 813 1.2353 8.0000
316 814 1.3630 8.0000
317 320 0.9207 8.0000
317 322 1.3470 8.0000
317 804 1.4759 8.0000
317 806 1.3502 8.0000
317 808 1.2290 8.0000
317 809 1.3718 8.0000
317 810 1.1946 8.0000
317 811 1.2043 8.0000
317 812 1.3269 8.0000
317 813 1.2972 8.0000
318 321 0.8942 8.0000
318 322 0.8620 8.0000
318 323 1.3610 8.0000
318 324 1.2574 8.0000
318 796 1.4747 8.0000
318 798 1.2752 8.0000
318 800 1.1219 8.0000
318 802 0.9998 8.0000
318 803 1.3870 8.0000
318 804 0.9045 8.0000
318 805 1.2361 8.0000
318 806 0.8586 8.0000
318 807 1.2289 8.0000
318 808 0.9084 8.0000
318 809 1.2244 8.0000
318 810 1.0825 8.0000
318 811 1.3168 8.0000
318 812 1.3630 8.0000
319 322 0.8878 8.0000
319 324 1.3195 8.0000
319 800 1.4486 8.0000
319 802 1.3547 8.0000
319 804 1.2360 8.0000
319 805 1.4632 8.0000
319 806 1.1261 8.0000
319 807 1.2717 8.0000
319 808 1.1011 8.0000
319 809 1.2021 8.0000
319 810 1.2353 8.0000
319 811 1.3141 8.0000
320 323 0.9355 8.0000
320 324 0.8620 8.0000
320 325 1.4133 8.0000
320 326 1.2574 8.0000
320 794 1.4747 8.0000
320 796 1.2752 8.0000
320 798 1.1220 8.0000
320 800 0.9998 8.0000
320 801 1.4376 8.0000
320 802 0.9045 8.0000
320 803 1.2872 8.0000
320 804 0.8586 8.0000
320 805 1.1262 8.0000
320 806 0.9084 8.0000
320 807 1.1946 8.0000
320 808 1.0825 8.0000
320 809 1.3508 8.0000
320 810 1.3630 8.0000
321 324 0.8786 8.0000
321 326 1.3043 8.0000
321 798 1.4600 8.0000
321 800 1.3869 8.0000
321 802 1.2872 8.0000
321 804 1.1943 8.0000
321 805 1.2896 8.0000
321 806 1.1807 8.0000
321 807 1.2043 8.0000
321 808 1.3168 8.0000
321 809 1.4006 8.0000
322 325 0.9985 8.0000
322 326 0.8620 8.0000
322 327 1.2516 8.0000
322 328 1.2574 8.0000
322 792 1.4747 8.0000
322 794 1.2752 8.0000
322 796 1.1219 8.0000
322 797 1.4487 8.0000
322 798 0.9998 8.0000
322 799 1.4759 8.0000
322 800 0.9044 8.0000
322 801 1.3408 8.0000
322 802 0.8586 8.0000
322 803 1.1943 8.0000
322 804 0.9083 8.0000
322 805 1.1012 8.0000
322 806 1.0825 8.0000
322 807 1.3268 8.0000
322 808 1.3630 8.0000
323 326 0.9122 8.0000
323 328 1.3344 8.0000
323 798 1.4375 8.0000
323 800 1.3407 8.0000
323 802 1.2456 8.0000
323 803 1.3965 8.0000
323 804 1.2245 8.0000
323 805 1.2022 8.0000
323 806 1.3508 8.0000
323 807 1.3749 8.0000
324 327 0.8309 8.0000
324 328 0.8620 8.0000
324 329 1.3202 8.0000
324 330 1.2574 8.0000
324 790 1.4747 8.0000
324 792 1.2751 8.0000
324 794 1.1219 8.0000
324 795 1.4601 8.0000
324 796 0.9998 8.0000
324 797 1.3548 8.0000
324 798 0.9045 8.0000
324 799 1.3502 8.0000
324 800 0.8586 8.0000
324 801 1.2457 8.0000
324 802 0.9084 8.0000
324 803 1.1808 8.0000
324 804 1.0825 8.0000
324 805 1.2353 8.0000
324 806 1.3630 8.0000
325 328 0.9207 8.0000
325 330 1.3470 8.0000
325 796 1.4759 8.0000
325 798 1.3502 8.0000
325 800 1.2290 8.0000
325 801 1.3718 8.0000
325 802 1.1946 8.0000
325 803 1.2042 8.0000
325 804 1.3268 8.0000
325 805 1.2972 8.0000
326 329 0.8943 8.0000
326 330 0.8620 8.0000
326 331 1.3610 8.0000
326 332 1.2573 8.0000
326 788 1.4747 8.0000
326 790 1.2752 8.0000
326 792 1.1219 8.0000
326 794 0.9998 8.0000
326 795 1.3869 8.0000
326 796 0.9045 8.0000
326 797 1.2360 8.0000
326 798 0.8585 8.0000
326 799 1.2289 8.0000
326 800 0.9083 8.0000
326 801 1.2245 8.0000
326 802 1.0825 8.0000
326 803 1.3168 8.0000
326 804 1.3630 8.0000
327 330 0.8879 8.0000
327 332 1.3195 8.0000
327 792 1.4487 8.0000
327 794 1.3548 8.0000
327 796 1.2361 8.0000
327 797 1.4632 8.0000
327 798 1.1262 8.0000
327 799 1.2717 8.0000
327 800 1.1011 8.0000
327 801 1.2021 8.0000
327 802 1.2353 8.0000
327 803 1.3141 8.0000
328 331 0.9355 8.0000
328 332 0.8620 8.0000
328 333 1.4133 8.0000
328 334 1.2574 8.0000
328 786 1.4747 8.0000
328 788 1.2752 8.0000
328 790 1.1219 8.0000
328 792 0.9998 8.0000
328 793 1.4375 8.0000
328 794 0.9045 8.0000
328 795 1.2872 8.0000
328 796 0.8586 8.0000
328 797 1.1262 8.0000
328 798 0.9083 8.0000
328 799 1.1946 8.0000
328 800 1.0825 8.0000
328 801 1.3509 8.0000
328 802 1.3630 8.0000
329 332 0.8786 8.0000
329 334 1.3043 8.0000
329 790 1.4601 8.0000
329 792 1.3870 8.0000
329 794 1.2873 8.0000
329 796 1.1943 8.0000
329 797 1.2896 8.0000
329 798 1.1807 8.0000
329 799 1.2042 8.0000
329 800 1.3168 8.0000
329 801 1.4006 8.0000
330 333 0.9984 8.0000
330 334 0.8620 8.0000
330 335 1.2516 8.0000
330 336 1.2574 8.0000
330 784 1.4747 8.0000
330 786 1.2751 8.0000
330 788 1.1219 8.0000
330 789 1.4487 8.0000
330 790 0.9998 8.0000
330 791 1.4759 8.0000
330 792 0.9045 8.0000
330 793 1.3407 8.0000
330 794 0.8586 8.0000
330 795 1.1942 8.0000
330 796 0.9083 8.0000
330 797 1.1011 8.0000
330 798 1.0825 8.0000
330 799 1.3268 8.0000
330 800 1.3630 8.0000
331 334 0.9122 8.0000
331 336 1.3343 8.0000
331 790 1.4374 8.0000
331 792 1.3406 8.0000
331 794 1.2456 8.0000
331 795 1.3964 8.0000
331 796 1.2245 8.0000
331 797 1.2021 8.0000
331 798 1.3508 8.0000
331 799 1.3749 8.0000
332 335 0.8308 8.0000
332 336 0.8620 8.0000
332 337 1.3201 8.0000
332 338 1.2574 8.0000
332 782 1.4747 8.0000
332 784 1.2751 8.0000
332 786 1.1219 8.0000
332 787 1.4601 8.0000
332 788 0.9997 8.0000
332 789 1.3547 8.0000
332 790 0.9044 8.0000
332 791 1.3502 8.0000
332 792 0.8585 8.0000
332 793 1.2457 8.0000
332 794 0.9083 8.0000
332 795 1.1807 8.0000
332 796 1.0825 8.0000
332 797 1.2353 8.0000
332 798 1.3630 8.0000
333 336 0.9206 8.0000
333 338 1.3470 8.0000
333 788 1.4758 8.0000
333 790 1.3501 8.0000
333 792 1.2289 8.0000
333 793 1.3718 8.0000
333 794 1.1946 8.0000
333 795 1.2042 8.0000
333 796 1.3268 8.0000
333 797 1.2971 8.0000
334 337 0.8942 8.0000
334 338 0.8620 8.0000
334 339 1.3611 8.0000
334 340 1.2573 8.0000
334 780 1.4747 8.0000
334 782 1.2752 8.0000
334 784 1.1219 8.0000
334 786 0.9997 8.0000
334 787 1.3869 8.0000
334 788 0.9044 8.0000
334 789 1.2361 8.0000
334 790 0.8585 8.0000
334 791 1.2290 8.0000
334 792 0.9083 8.0000
334 793 1.2246 8.0000
334 794 1.0825 8.0000
334 795 1.3168 8.0000
334 796 1.3630 8.0000
335 338 0.8879 8.0000
335 340 1.3195 8.0000
335 784 1.4487 8.0000
335 786 1.3547 8.0000
335 788 1.2360 8.0000
335 789 1.4633 8.0000
335 790 1.1261 8.0000
335 791 1.2718 8.0000
335 792 1.1012 8.0000
335 793 1.2022 8.0000
335 794 1.2353 8.0000
335 795 1.3141 8.0000
336 339 0.9356 8.0000
336 340 0.8620 8.0000
336 341 1.4133 8.0000
336 342 1.2574 8.0000
336 778 1.4747 8.0000
336 780 1.2752 8.0000
336 782 1.1220 8.0000
336 784 0.9998 8.0000
336 785 1.4375 8.0000
336 786 0.9045 8.0000
336 787 1.2872 8.0000
336 788 0.8586 8.0000
336 789 1.1263 8.0000
336 790 0.9083 8.0000
336 791 1.1946 8.0000
336 792 1.0825 8.0000
336 793 1.3509 8.0000
336 794 1.3630 8.0000
337 340 0.8786 8.0000
337 342 1.3044 8.0000
337 782 1.4601 8.0000
337 784 1.3869 8.0000
337 786 1.2872 8.0000
337 788 1.1943 8.0000
337 789 1.2896 8.0000
337 790 1.1807 8.0000
337 791 1.2043 8.0000
337 792 1.3168 8.0000
337 793 1.4007 8.0000
338 341 0.9984 8.0000
338 342 0.8620 8.0000
338 343 1.2515 8.0000
338 344 1.2574 8.0000
338 776 1.4747 8.0000
338 778 1.2751 8.0000
338 780 1.1219 8.0000
338 781 1.4487 8.0000
338 782 0.9998 8.0000
338 783 1.4759 8.0000
338 784 0.9044 8.0000
338 785 1.3406 8.0000
338 786 0.8585 8.0000
338 787 1.1942 8.0000
338 788 0.9083 8.0000
338 789 1.1011 8.0000
338 790 1.0825 8.0000
338 791 1.3268 8.0000
338 792 1.3630 8.0000
339 342 0.9121 8.0000
339 344 1.3343 8.0000
339 782 1.4375 8.0000
339 784 1.3406 8.0000
339 786 1.2456 8.0000
339 787 1.3964 8.0000
339 788 1.2245 8.0000
339 789 1.2022 8.0000
339 790 1.3509 8.0000
339 791 1.3750 8.0000
340 343 0.8308 8.0000
340 344 0.8620 8.0000
340 345 1.3201 8.0000
340 346 1.2574 8.0000
340 774 1.4747 8.0000
340 776 1.2751 8.0000
340 778 1.1219 8.0000
340 779 1.4601 8.0000
340 780 0.9997 8.0000
340 781 1.3547 8.0000
340 782 0.9045 8.0000
340 783 1.3502 8.0000
340 784 0.8585 8.0000
340 785 1.2456 8.0000
340 786 0.9083 8.0000
340 787 1.1807 8.0000
340 788 1.0825 8.0000
340 789 1.2353 8.0000
340 790 1.3630 8.0000
341 344 0.9207 8.0000
341 346 1.3470 8.0000
341 780 1.4758 8.0000
341 782 1.3502 8.0000
341 784 1.2289 8.0000
341 785 1.3717 8.0000
341 786 1.1946 8.0000
341 787 1.2042 8.0000
341 788 1.3268 8.0000
341 789 1.2971 8.0000
342 345 0.8942 8.0000
342 346 0.8620 8.0000
342 347 1.3610 8.0000
342 348 1.2573 8.0000
342 772 1.4747 8.0000
342 774 1.2752 8.0000
342 776 1.1219 8.0000
342 778 0.9997 8.0000
342 779 1.3869 8.0000
342 780 0.9044 8.0000
342 781 1.2360 8.0000
342 782 0.8586 8.0000
342 783 1.2289 8.0000
342 784 0.9083 8.0000
342 785 1.2245 8.0000
342 786 1.0825 8.0000
342 787 1.3168 8.0000
342 788 1.3630 8.0000
343 346 0.8879 8.0000
343 348 1.3195 8.0000
343 776 1.4487 8.0000
343 778 1.3547 8.0000
343 780 1.2361 8.0000
343 781 1.4633 8.0000
343 782 1.1263 8.0000
343 783 1.2718 8.0000
343 784 1.1011 8.0000
343 785 1.2022 8.0000
343 786 1.2353 8.0000
343 787 1.3141 8.0000
344 347 0.9355 8.0000
344 348 0.8620 8.0000
344 349 1.4132 8.0000
344 350 1.2573 8.0000
344 770 1.4747 8.0000
344 772 1.2752 8.0000
344 774 1.1219 8.0000
344 776 0.9998 8.0000
344 777 1.4374 8.0000
344 778 0.9044 8.0000
344 779 1.2872 8.0000
344 780 0.8585 8.0000
344 781 1.1261 8.0000
344 782 0.9083 8.0000
344 783 1.1946 8.0000
344 784 1.0825 8.0000
344 785 1.3509 8.0000
344 786 1.3630 8.0000
345 348 0.8786 8.0000
345 350 1.3043 8.0000
345 774 1.4601 8.0000
345 776 1.3869 8.0000
345 778 1.2872 8.0000
345 780 1.1943 8.0000
345 781 1.2896 8.0000
345 782 1.1808 8.0000
345 783 1.2043 8.0000
345 784 1.3168 8.0000
345 785 1.4007 8.0000
346 349 0.9984 8.0000
346 350 0.8620 8.0000
346 351 1.2516 8.0000
346 352 1.2574 8.0000
346 768 1.4747 8.0000
346 770 1.2752 8.0000
346 772 1.1219 8.0000
346 773 1.4487 8.0000
346 774 0.9998 8.0000
346 775 1.4759 8.0000
346 776 0.9045 8.0000
346 777 1.3407 8.0000
346 778 0.8585 8.0000
346 779 1.1943 8.0000
346 780 0.9083 8.0000
346 781 1.1012 8.0000
346 782 1.0825 8.0000
346 783 1.3269 8.0000
346 784 1.3630 8.0000
347 350 0.9122 8.0000
347 352 1.3344 8.0000
347 774 1.4375 8.0000
347 776 1.3407 8.0000
347 778 1.2456 8.0000
347 779 1.3965 8.0000
347 780 1.2245 8.0000
347 781 1.2022 8.0000
347 782 1.3509 8.0000
347 783 1.3749 8.0000
348 351 0.8308 8.0000
348 352 0.8620 8.0000
348 353 1.3201 8.0000
348 354 1.2574 8.0000
348 766 1.4747 8.0000
348 768 1.2752 8.0000
348 770 1.1219 8.0000
348 771 1.4601 8.0000
348 772 0.9998 8.0000
348 773 1.3548 8.0000
348 774 0.9045 8.0000
348 775 1.3502 8.0000
348 776 0.8586 8.0000
348 777 1.2456 8.0000
348 778 0.9083 8.0000
348 779 1.1808 8.0000
348 780 1.0825 8.0000
348 781 1.2353 8.0000
348 782 1.3630 8.0000
349 352 0.9206 8.0000
349 354 1.3470 8.0000
349 772 1.4758 8.0000
349 774 1.3502 8.0000
349 776 1.2289 8.0000
349 777 1.3718 8.0000
349 778 1.1946 8.0000
349 779 1.2043 8.0000
349 780 1.3268 8.0000
349 781 1.2972 8.0000
350 353 0.8942 8.0000
350 354 0.8620 8.0000
350 355 1.3612 8.0000
350 356 1.2574 8.0000
350 764 1.4747 8.0000
350 766 1.2752 8.0000
350 768 1.1219 8.0000
350 770 0.9998 8.0000
350 771 1.3869 8.0000
350 772 0.9045 8.0000
350 773 1.2361 8.0000
350 774 0.8586 8.0000
350 775 1.2290 8.0000
350 776 0.9083 8.0000
350 777 1.2245 8.0000
350 778 1.0825 8.0000
350 779 1.3169 8.0000
350 780 1.3630 8.0000
351 354 0.8879 8.0000
351 356 1.3195 8.0000
351 768 1.4487 8.0000
351 770 1.3548 8.0000
351 772 1.2360 8.0000
351 773 1.4632 8.0000
351 774 1.1262 8.0000
351 775 1.2718 8.0000
351 776 1.1011 8.0000
351 777 1.2022 8.0000
351 778 1.2353 8.0000
351 779 1.3141 8.0000
352 355 0.9356 8.0000
352 356 0.8620 8.0000
352 357 1.4133 8.0000
352 358 1.2574 8.0000
352 762 1.4747 8.0000
352 764 1.2751 8.0000
352 766 1.1219 8.0000
352 768 0.9998 8.0000
352 769 1.4375 8.0000
352 770 0.9045 8.0000
352 771 1.2872 8.0000
352 772 0.8585 8.0000
352 773 1.1262 8.0000
352 774 0.9083 8.0000
352 775 1.1946 8.0000
352 776 1.0825 8.0000
352 777 1.3509 8.0000
352 778 1.3630 8.0000
353 356 0.8786 8.0000
353 358 1.3044 8.0000
353 766 1.4601 8.0000
353 768 1.3870 8.0000
353 770 1.2873 8.0000
353 772 1.1943 8.0000
353 773 1.2896 8.0000
353 774 1.1808 8.0000
353 775 1.2043 8.0000
353 776 1.3168 8.0000
353 777 1.4007 8.0000
354 357 0.9984 8.0000
354 358 0.8620 8.0000
354 359 1.2515 8.0000
354 360 1.2574 8.0000
354 760 1.4747 8.0000
354 762 1.2752 8.0000
354 764 1.1219 8.0000
354 765 1.4486 8.0000
354 766 0.9998 8.0000
354 767 1.4758 8.0000
354 768 0.9044 8.0000
354 769 1.3407 8.0000
354 770 0.8586 8.0000
354 771 1.1942 8.0000
354 772 0.9083 8.0000
354 773 1.1011 8.0000
354 774 1.0825 8.0000
354 775 1.3268 8.0000
354 776 1.3630 8.0000
355 358 0.9122 8.0000
355 360 1.3344 8.0000
355 766 1.4376 8.0000
355 768 1.3408 8.0000
355 770 1.2457 8.0000
355 771 1.3965 8.0000
355 772 1.2246 8.0000
355 773 1.2022 8.0000
355 774 1.3510 8.0000
355 775 1.3750 8.0000
356 359 0.8309 8.0000
356 360 0.8620 8.0000
356 361 1.3201 8.0000
356 362 1.2574 8.0000
356 758 1.4747 8.0000
356 760 1.2751 8.0000
356 762 1.1219 8.0000
356 763 1.4601 8.0000
356 764 0.9997 8.0000
356 765 1.3547 8.0000
356 766 0.9045 8.0000
356 767 1.3502 8.0000
356 768 0.8586 8.0000
356 769 1.2456 8.0000
356 770 0.9084 8.0000
356 771 1.1807 8.0000
356 772 1.0825 8.0000
356 773 1.2353 8.0000
356 774 1.3630 8.0000
357 360 0.9207 8.0000
357 362 1.3470 8.0000
357 764 1.4759 8.0000
357 766 1.3502 8.0000
357 768 1.2290 8.0000
357 769 1.3718 8.0000
357 770 1.1946 8.0000
357 771 1.2042 8.0000
357 772 1.3268 8.0000
357 773 1.2971 8.0000
358 361 0.8942 8.0000
358 362 0.8620 8.0000
358 363 1.3610 8.0000
358 364 1.2574 8.0000
358 756 1.4747 8.0000
358 758 1.2752 8.0000
358 760 1.1219 8.0000
358 762 0.9998 8.0000
358 763 1.3869 8.0000
358 764 0.9045 8.0000
358 765 1.2360 8.0000
358 766 0.8586 8.0000
358 767 1.2289 8.0000
358 768 0.9083 8.0000
358 769 1.2245 8.0000
358 770 1.0825 8.0000
358 771 1.3168 8.0000
358 772 1.3630 8.0000
359 362 0.8879 8.0000
359 364 1.3196 8.0000
359 760 1.4487 8.0000
359 762 1.3548 8.0000
359 764 1.2361 8.0000
359 765 1.4632 8.0000
359 766 1.1262 8.0000
359 767 1.2718 8.0000
359 768 1.1012 8.0000
359 769 1.2022 8.0000
359 770 1.2353 8.0000
359 771 1.3141 8.0000
360 363 0.9354 8.0000
360 364 0.8620 8.0000
360 365 1.4133 8.0000
360 366 1.2574 8.0000
360 754 1.4747 8.0000
360 756 1.2752 8.0000
360 758 1.1220 8.0000
360 760 0.9998 8.0000
360 761 1.4375 8.0000
360 762 0.9045 8.0000
360 763 1.2872 8.0000
360 764 0.8586 8.0000
360 765 1.1261 8.0000
360 766 0.9084 8.0000
360 767 1.1945 8.0000
360 768 1.0825 8.0000
360 769 1.3508 8.0000
360 770 1.3630 8.0000
361 364 0.8786 8.0000
361 366 1.3043 8.0000
361 758 1.4600 8.0000
361 760 1.3869 8.0000
361 762 1.2872 8.0000
361 764 1.1943 8.0000
361 765 1.2895 8.0000
361 766 1.1807 8.0000
361 767 1.2042 8.0000
361 768 1.3168 8.0000
361 769 1.4006 8.0000
362 365 0.9984 8.0000
362 366 0.8620 8.0000
362 367 1.2516 8.0000
362 368 1.2574 8.0000
362 752 1.4747 8.0000
362 754 1.2752 8.0000
362 756 1.1219 8.0000
362 757 1.4487 8.0000
362 758 0.9998 8.0000
362 759 1.4759 8.0000
362 760 0.9045 8.0000
362 761 1.3407 8.0000
362 762 0.8586 8.0000
362 763 1.1943 8.0000
362 764 0.9084 8.0000
362 765 1.1011 8.0000
362 766 1.0825 8.0000
362 767 1.3268 8.0000
362 768 1.3630 8.0000
363 366 0.9121 8.0000
363 368 1.3344 8.0000
363 758 1.4374 8.0000
363 760 1.3406 8.0000
363 762 1.2455 8.0000
363 763 1.3964 8.0000
363 764 1.2245 8.0000
363 765 1.2021 8.0000
363 766 1.3508 8.0000
363 767 1.3749 8.0000
364 367 0.8308 8.0000
364 368 0.8620 8.0000
364 369 1.3201 8.0000
364 370 1.2574 8.0000
364 750 1.4747 8.0000
364 752 1.2752 8.0000
364 754 1.1219 8.0000
364 755 1.4601 8.0000
364 756 0.9998 8.0000
364 757 1.3548 8.0000
364 758 0.9044 8.0000
364 759 1.3502 8.0000
364 760 0.8586 8.0000
364 761 1.2456 8.0000
364 762 0.9083 8.0000
364 763 1.1807 8.0000
364 764 1.0825 8.0000
364 765 1.2353 8.0000
364 766 1.3630 8.0000
365 368 0.9207 8.0000
365 370 1.3470 8.0000
365 756 1.4759 8.0000
365 758 1.3502 8.0000
365 760 1.2290 8.0000
365 761 1.3718 8.0000
365 762 1.1946 8.0000
365 763 1.2043 8.0000
365 764 1.3269 8.0000
365 765 1.2972 8.0000
366 369 0.8943 8.0000
366 370 0.8620 8.0000
366 371 1.3611 8.0000
366 372 1.2574 8.0000
366 748 1.4747 8.0000
366 750 1.2752 8.0000
366 752 1.1219 8.0000
366 754 0.9998 8.0000
366 755 1.3869 8.0000
366 756 0.9045 8.0000
366 757 1.2361 8.0000
366 758 0.8586 8.0000
366 759 1.2290 8.0000
366 760 0.9084 8.0000
366 761 1.2245 8.0000
366 762 1.0825 8.0000
366 763 1.3168 8.0000
366 764 1.3630 8.0000
367 370 0.8878 8.0000
367 372 1.3195 8.0000
367 752 1.4487 8.0000
367 754 1.3547 8.0000
367 756 1.2360 8.0000
367 757 1.4632 8.0000
367 758 1.1261 8.0000
367 759 1.2717 8.0000
367 760 1.1012 8.0000
367 761 1.2021 8.0000
367 762 1.2353 8.0000
367 763 1.3141 8.0000
368 371 0.9355 8.0000
368 372 0.8620 8.0000
368 373 1.4133 8.0000
368 374 1.2573 8.0000
368 746 1.4747 8.0000
368 748 1.2752 8.0000
368 750 1.1219 8.0000
368 752 0.9998 8.0000
368 753 1.4375 8.0000
368 754 0.9045 8.0000
368 755 1.2872 8.0000
368 756 0.8585 8.0000
368 757 1.1262 8.0000
368 758 0.9083 8.0000
368 759 1.1946 8.0000
368 760 1.0825 8.0000
368 761 1.3508 8.0000
368 762 1.3630 8.0000
369 372 0.8786 8.0000
369 374 1.3043 8.0000
369 750 1.4601 8.0000
369 752 1.3870 8.0000
369 754 1.2872 8.0000
369 756 1.1943 8.0000
369 757 1.2895 8.0000
369 758 1.1807 8.0000
369 759 1.2042 8.0000
369 760 1.3168 8.0000
369 761 1.4006 8.0000
370 373 0.9985 8.0000
370 374 0.8620 8.0000
370 375 1.2516 8.0000
370 376 1.2574 8.0000
370 744 1.4747 8.0000
370 746 1.2752 8.0000
370 748 1.1219 8.0000
370 749 1.4486 8.0000
370 750 0.9998 8.0000
370 751 1.4759 8.0000
370 752 0.9045 8.0000
370 753 1.3407 8.0000
370 754 0.8586 8.0000
370 755 1.1943 8.0000
370 756 0.9083 8.0000
370 757 1.1012 8.0000
370 758 1.0825 8.0000
370 759 1.3268 8.0000
370 760 1.3630 8.0000
371 374 0.9122 8.0000
371 376 1.3344 8.0000
371 750 1.4375 8.0000
371 752 1.3408 8.0000
371 754 1.2457 8.0000
371 755 1.3966 8.0000
371 756 1.2246 8.0000
371 757 1.2022 8.0000
371 758 1.3509 8.0000
371 759 1.3750 8.0000
372 375 0.8308 8.0000
372 376 0.8620 8.0000
372 377 1.3201 8.0000
372 378 1.2574 8.0000
372 742 1.4747 8.0000
372 744 1.2751 8.0000
372 746 1.1219 8.0000
372 747 1.4601 8.0000
372 748 0.9998 8.0000
372 749 1.3547 8.0000
372 750 0.9045 8.0000
372 751 1.3501 8.0000
372 752 0.8586 8.0000
372 753 1.2456 8.0000
372 754 0.9083 8.0000
372 755 1.1807 8.0000
372 756 1.0825 8.0000
372 757 1.2353 8.0000
372 758 1.3630 8.0000
373 376 0.9207 8.0000
373 378 1.3470 8.0000
373 748 1.4758 8.0000
373 750 1.3502 8.0000
373 752 1.2290 8.0000
373 753 1.3718 8.0000
373 754 1.1946 8.0000
373 755 1.2043 8.0000
373 756 1.3268 8.0000
373 757 1.2971 8.0000
374 377 0.8943 8.0000
374 378 0.8620 8.0000
374 379 1.3611 8.0000
374 380 1.2574 8.0000
374 740 1.4747 8.0000
374 742 1.2751 8.0000
374 744 1.1219 8.0000
374 746 0.9997 8.0000
374 747 1.3869 8.0000
374 748 0.9044 8.0000
374 749 1.2360 8.0000
374 750 0.8585 8.0000
374 751 1.2289 8.0000
374 752 0.9084 8.0000
374 753 1.2246 8.0000
374 754 1.0825 8.0000
374 755 1.3168 8.0000
374 756 1.3630 8.0000
375 378 0.8879 8.0000
375 380 1.3196 8.0000
375 744 1.4487 8.0000
375 746 1.3548 8.0000
375 748 1.2360 8.0000
375 749 1.4632 8.0000
375 750 1.1262 8.0000
375 751 1.2717 8.0000
375 752 1.1012 8.0000
375 753 1.2022 8.0000
375 754 1.2353 8.0000
375 755 1.3141 8.0000
376 379 0.9355 8.0000
376 380 0.8620 8.0000
376 381 1.4133 8.0000
376 382 1.2573 8.0000
376 738 1.4747 8.0000
376 740 1.2752 8.0000
376 742 1.1219 8.0000
376 744 0.9997 8.0000
376 745 1.4375 8.0000
376 746 0.9044 8.0000
376 747 1.2872 8.0000
376 748 0.8585 8.0000
376 749 1.1261 8.0000
376 750 0.9083 8.0000
376 751 1.1945 8.0000
376 752 1.0825 8.0000
376 753 1.3509 8.0000
376 754 1.3630 8.0000
377 380 0.8786 8.0000
377 382 1.3043 8.0000
377 742 1.4601 8.0000
377 744 1.3869 8.0000
377 746 1.2872 8.0000
377 748 1.1942 8.0000
377 749 1.2895 8.0000
377 750 1.1807 8.0000
377 751 1.2042 8.0000
377 752 1.3168 8.0000
377 753 1.4007 8.0000
378 381 0.9985 8.0000
378 382 0.8620 8.0000
378 383 1.2516 8.0000
378 384 1.2574 8.0000
378 736 1.4747 8.0000
378 738 1.2752 8.0000
378 740 1.1220 8.0000
378 741 1.4487 8.0000
378 742 0.9998 8.0000
378 743 1.4759 8.0000
378 744 0.9045 8.0000
378 745 1.3407 8.0000
378 746 0.8586 8.0000
378 747 1.1943 8.0000
378 748 0.9083 8.0000
378 749 1.1011 8.0000
378 750 1.0825 8.0000
378 751 1.3268 8.0000
378 752 1.3630 8.0000
379 382 0.9121 8.0000
379 384 1.3343 8.0000
379 742 1.4374 8.0000
379 744 1.3406 8.0000
379 746 1.2456 8.0000
379 747 1.3965 8.0000
379 748 1.2245 8.0000
379 749 1.2022 8.0000
379 750 1.3509 8.0000
379 751 1.3750 8.0000
380 383 0.8308 8.0000
380 384 0.8620 8.0000
380 385 1.3201 8.0000
380 386 1.2574 8.0000
380 734 1.4747 8.0000
380 736 1.2751 8.0000
380 738 1.1219 8.0000
380 739 1.4601 8.0000
380 740 0.9998 8.0000
380 741 1.3547 8.0000
380 742 0.9044 8.0000
380 743 1.3501 8.0000
380 744 0.8585 8.0000
380 745 1.2456 8.0000
380 746 0.9083 8.0000
380 747 1.1807 8.0000
380 748 1.0825 8.0000
380 749 1.2352 8.0000
380 750 1.3630 8.0000
381 384 0.9207 8.0000
381 386 1.3470 8.0000
381 740 1.4759 8.0000
381 742 1.3501 8.0000
381 744 1.2289 8.0000
381 745 1.3718 8.0000
381 746 1.1945 8.0000
381 747 1.2042 8.0000
381 748 1.3268 8.0000
381 749 1.2972 8.0000
382 385 0.8943 8.0000
382 386 0.8620 8.0000
382 387 1.3611 8.0000
382 388 1.2574 8.0000
382 732 1.4747 8.0000
382 734 1.2751 8.0000
382 736 1.1219 8.0000
382 738 0.9997 8.0000
382 739 1.3869 8.0000
382 740 0.9045 8.0000
382 741 1.2360 8.0000
382 742 0.8585 8.0000
382 743 1.2289 8.0000
382 744 0.9083 8.0000
382 745 1.2246 8.0000
382 746 1.0825 8.0000
382 747 1.3168 8.0000
382 748 1.3630 8.0000
383 386 0.8879 8.0000
383 388 1.3195 8.0000
383 736 1.4487 8.0000
383 738 1.3548 8.0000
383 740 1.2361 8.0000
383 741 1.4632 8.0000
383 742 1.1261 8.0000
383 743 1.2717 8.0000
383 744 1.1012 8.0000
383 745 1.2022 8.0000
383 746 1.2353 8.0000
383 747 1.3141 8.0000
384 387 0.9355 8.0000
384 388 0.8620 8.0000
384 389 1.4132 8.0000
384 390 1.2573 8.0000
384 730 1.4747 8.0000
384 732 1.2752 8.0000
384 734 1.1219 8.0000
384 736 0.9997 8.0000
384 737 1.4374 8.0000
384 738 0.9044 8.0000
384 739 1.2872 8.0000
384 740 0.8586 8.0000
384 741 1.1261 8.0000
384 742 0.9083 8.0000
384 743 1.1945 8.0000
384 744 1.0825 8.0000
384 745 1.3509 8.0000
384 746 1.3630 8.0000
385 388 0.8786 8.0000
385 390 1.3043 8.0000
385 734 1.4601 8.0000
385 736 1.3869 8.0000
385 738 1.2872 8.0000
385 740 1.1943 8.0000
385 741 1.2895 8.0000
385 742 1.1807 8.0000
385 743 1.2042 8.0000
385 744 1.3168 8.0000
385 745 1.4007 8.0000
386 389 0.9984 8.0000
386 390 0.8620 8.0000
386 391 1.2515 8.0000
386 392 1.2573 8.0000
386 728 1.4747 8.0000
386 730 1.2752 8.0000
386 732 1.1219 8.0000
386 733 1.4487 8.0000
386 734 0.9998 8.0000
386 735 1.4758 8.0000
386 736 0.9044 8.0000
386 737 1.3406 8.0000
386 738 0.8585 8.0000
386 739 1.1942 8.0000
386 740 0.9083 8.0000
386 741 1.1011 8.0000
386 742 1.0825 8.0000
386 743 1.3268 8.0000
386 744 1.3630 8.0000
387 390 0.9121 8.0000
387 392 1.3343 8.0000
387 734 1.4374 8.0000
387 736 1.3407 8.0000
387 738 1.2456 8.0000
387 739 1.3965 8.0000
387 740 1.2246 8.0000
387 741 1.2022 8.0000
387 742 1.3509 8.0000
387 743 1.3750 8.0000
388 391 0.8308 8.0000
388 392 0.8620 8.0000
388 393 1.3201 8.0000
388 394 1.2574 8.0000
388 726 1.4747 8.0000
388 728 1.2752 8.0000
388 730 1.1219 8.0000
388 731 1.4601 8.0000
388 732 0.9998 8.0000
388 733 1.3547 8.0000
388 734 0.9045 8.0000
388 735 1.3502 8.0000
388 736 0.8585 8.0000
388 737 1.2456 8.0000
388 738 0.9083 8.0000
388 739 1.1807 8.0000
388 740 1.0825 8.0000
388 741 1.2353 8.0000
388 742 1.3630 8.0000
389 392 0.9206 8.0000
389 394 1.3470 8.0000
389 732 1.4759 8.0000
389 734 1.3501 8.0000
389 736 1.2289 8.0000
389 737 1.3717 8.0000
389 738 1.1945 8.0000
389 739 1.2042 8.0000
389 740 1.3268 8.0000
389 741 1.2971 8.0000
390 393 0.8942 8.0000
390 394 0.8620 8.0000
390 395 1.3611 8.0000
390 396 1.2574 8.0000
390 724 1.4747 8.0000
390 726 1.2752 8.0000
390 728 1.1219 8.0000
390 730 0.9998 8.0000
390 731 1.3870 8.0000
390 732 0.9045 8.0000
390 733 1.2361 8.0000
390 734 0.8586 8.0000
390 735 1.2290 8.0000
390 736 0.9083 8.0000
390 737 1.2245 8.0000
390 738 1.0825 8.0000
390 739 1.3168 8.0000
390 740 1.3630 8.0000
391 394 0.8878 8.0000
391 396 1.3195 8.0000
391 728 1.4487 8.0000
391 730 1.3547 8.0000
391 732 1.2360 8.0000
391 733 1.4632 8.0000
391 734 1.1261 8.0000
391 735 1.2717 8.0000
391 736 1.1011 8.0000
391 737 1.2021 8.0000
391 738 1.2353 8.0000
391 739 1.3141 8.0000
392 395 0.9356 8.0000
392 396 0.8620 8.0000
392 397 1.4133 8.0000
392 398 1.2574 8.0000
392 722 1.4747 8.0000
392 724 1.2752 8.0000
392 726 1.1219 8.0000
392 728 0.9998 8.0000
392 729 1.4375 8.0000
392 730 0.9045 8.0000
392 731 1.2872 8.0000
392 732 0.8586 8.0000
392 733 1.1262 8.0000
392 734 0.9083 8.0000
392 735 1.1946 8.0000
392 736 1.0825 8.0000
392 737 1.3508 8.0000
392 738 1.3630 8.0000
393 396 0.8786 8.0000
393 398 1.3043 8.0000
393 726 1.4601 8.0000
393 728 1.3869 8.0000
393 730 1.2872 8.0000
393 732 1.1943 8.0000
393 733 1.2896 8.0000
393 734 1.1807 8.0000
393 735 1.2043 8.0000
393 736 1.3168 8.0000
393 737 1.4006 8.0000
394 397 0.9985 8.0000
394 398 0.8620 8.0000
394 399 1.2516 8.0000
394 400 1.2574 8.0000
394 720 1.4747 8.0000
394 722 1.2751 8.0000
394 724 1.1219 8.0000
394 725 1.4487 8.0000
394 726 0.9998 8.0000
394 727 1.4759 8.0000
394 728 0.9045 8.0000
394 729 1.3407 8.0000
394 730 0.8585 8.0000
394 731 1.1943 8.0000
394 732 0.9084 8.0000
394 733 1.1011 8.0000
394 734 1.0825 8.0000
394 735 1.3268 8.0000
394 736 1.3630 8.0000
395 398 0.9121 8.0000
395 400 1.3344 8.0000
395 726 1.4375 8.0000
395 728 1.3407 8.0000
395 730 1.2456 8.0000
395 731 1.3965 8.0000
395 732 1.2246 8.0000
395 733 1.2022 8.0000
395 734 1.3509 8.0000
395 735 1.3750 8.0000
396 399 0.8308 8.0000
396 400 0.8620 8.0000
396 401 1.3201 8.0000
396 402 1.2573 8.0000
396 718 1.4747 8.0000
396 720 1.2752 8.0000
396 722 1.1219 8.0000
396 723 1.4600 8.0000
396 724 0.9998 8.0000
396 725 1.3547 8.0000
396 726 0.9044 8.0000
396 727 1.3502 8.0000
396 728 0.8586 8.0000
396 729 1.2456 8.0000
396 730 0.9083 8.0000
396 731 1.1807 8.0000
396 732 1.0825 8.0000
396 733 1.2353 8.0000
396 734 1.3630 8.0000
397 400 0.9207 8.0000
397 402 1.3470 8.0000
397 724 1.4759 8.0000
397 726 1.3502 8.0000
397 728 1.2290 8.0000
397 729 1.3717 8.0000
397 730 1.1946 8.0000
397 731 1.2042 8.0000
397 732 1.3268 8.0000
397 733 1.2972 8.0000
398 401 0.8942 8.0000
398 402 0.8620 8.0000
398 403 1.3611 8.0000
398 404 1.2574 8.0000
398 716 1.4747 8.0000
398 718 1.2751 8.0000
398 720 1.1219 8.0000
398 722 0.9997 8.0000
398 723 1.3869 8.0000
398 724 0.9045 8.0000
398 725 1.2361 8.0000
398 726 0.8586 8.0000
398 727 1.2290 8.0000
398 728 0.9084 8.0000
398 729 1.2245 8.0000
398 730 1.0825 8.0000
398 731 1.3168 8.0000
398 732 1.3630 8.0000
399 402 0.8879 8.0000
399 404 1.3196 8.0000
399 720 1.4487 8.0000
399 722 1.3548 8.0000
399 724 1.2361 8.0000
399 725 1.4633 8.0000
399 726 1.1262 8.0000
399 727 1.2718 8.0000
399 728 1.1012 8.0000
399 729 1.2021 8.0000
399 730 1.2353 8.0000
399 731 1.3141 8.0000
400 403 0.9355 8.0000
400 404 0.8620 8.0000
400 405 1.4132 8.0000
400 406 1.2574 8.0000
400 714 1.4747 8.0000
400 716 1.2752 8.0000
400 718 1.1219 8.0000
400 720 0.9998 8.0000
400 721 1.4375 8.0000
400 722 0.9045 8.0000
400 723 1.2872 8.0000
400 724 0.8586 8.0000
400 725 1.1261 8.0000
400 726 0.9083 8.0000
400 727 1.1946 8.0000
400 728 1.0825 8.0000
400 729 1.3508 8.0000
400 730 1.3630 8.0000
401 404 0.8786 8.0000
401 406 1.3043 8.0000
401 718 1.4601 8.0000
401 720 1.3869 8.0000
401 722 1.2872 8.0000
401 724 1.1943 8.0000
401 725 1.2896 8.0000
401 726 1.1807 8.0000
401 727 1.2043 8.0000
401 728 1.3168 8.0000
401 729 1.4006 8.0000
402 405 0.9985 8.0000
402 406 0.8620 8.0000
402 407 1.2516 8.0000
402 408 1.2574 8.0000
402 712 1.4747 8.0000
402 714 1.2751 8.0000
402 716 1.1219 8.0000
402 717 1.4487 8.0000
402 718 0.9997 8.0000
402 719 1.4759 8.0000
402 720 0.9045 8.0000
402 721 1.3407 8.0000
402 722 0.8586 8.0000
402 723 1.1943 8.0000
402 724 0.9084 8.0000
402 725 1.1012 8.0000
402 726 1.0825 8.0000
402 727 1.3269 8.0000
402 728 1.3630 8.0000
403 406 0.9121 8.0000
403 408 1.3343 8.0000
403 718 1.4375 8.0000
403 720 1.3407 8.0000
403 722 1.2457 8.0000
403 723 1.3965 8.0000
403 724 1.2246 8.0000
403 725 1.2022 8.0000
403 726 1.3509 8.0000
403 727 1.3750 8.0000
404 407 0.8308 8.0000
404 408 0.8620 8.0000
404 409 1.3201 8.0000
404 410 1.2574 8.0000
404 710 1.4747 8.0000
404 712 1.2752 8.0000
404 714 1.1219 8.0000
404 715 1.4601 8.0000
404 716 0.9998 8.0000
404 717 1.3548 8.0000
404 718 0.9045 8.0000
404 719 1.3502 8.0000
404 720 0.8586 8.0000
404 721 1.2457 8.0000
404 722 0.9084 8.0000
404 723 1.1807 8.0000
404 724 1.0825 8.0000
404 725 1.2353 8.0000
404 726 1.3630 8.0000
405 408 0.9206 8.0000
405 410 1.3470 8.0000
405 716 1.4758 8.0000
405 718 1.3502 8.0000
405 720 1.2289 8.0000
405 721 1.3718 8.0000
405 722 1.1946 8.0000
405 723 1.2042 8.0000
405 724 1.3268 8.0000
405 725 1.2971 8.0000
406 409 0.8942 8.0000
406 410 0.8620 8.0000
406 411 1.3611 8.0000
406 412 1.2574 8.0000
406 708 1.4747 8.0000
406 710 1.2752 8.0000
406 712 1.1219 8.0000
406 714 0.9998 8.0000
406 715 1.3870 8.0000
406 716 0.9044 8.0000
406 717 1.2361 8.0000
406 718 0.8586 8.0000
406 719 1.2290 8.0000
406 720 0.9083 8.0000
406 721 1.2246 8.0000
406 722 1.0825 8.0000
406 723 1.3168 8.0000
406 724 1.3630 8.0000
407 410 0.8879 8.0000
407 412 1.3195 8.0000
407 712 1.4487 8.0000
407 714 1.3548 8.0000
407 716 1.2360 8.0000
407 717 1.4633 8.0000
407 718 1.1262 8.0000
407 719 1.2718 8.0000
407 720 1.1011 8.0000
407 721 1.2023 8.0000
407 722 1.2353 8.0000
407 723 1.3141 8.0000
408 411 0.9355 8.0000
408 412 0.8620 8.0000
408 413 1.4133 8.0000
408 414 1.2574 8.0000
408 706 1.4747 8.0000
408 708 1.2752 8.0000
408 710 1.1219 8.0000
408 712 0.9998 8.0000
408 713 1.4375 8.0000
408 714 0.9045 8.0000
408 715 1.2873 8.0000
408 716 0.8586 8.0000
408 717 1.1262 8.0000
408 718 0.9084 8.0000
408 719 1.1946 8.0000
408 720 1.0825 8.0000
408 721 1.3510 8.0000
408 722 1.3630 8.0000
409 412 0.8786 8.0000
409 414 1.3043 8.0000
409 710 1.4601 8.0000
409 712 1.3869 8.0000
409 714 1.2872 8.0000
409 716 1.1942 8.0000
409 717 1.2895 8.0000
409 718 1.1807 8.0000
409 719 1.2042 8.0000
409 720 1.3168 8.0000
409 721 1.4007 8.0000
410 413 0.9984 8.0000
410 414 0.8620 8.0000
410 415 1.2516 8.0000
410 416 1.2573 8.0000
410 704 1.4747 8.0000
410 706 1.2752 8.0000
410 708 1.1219 8.0000
410 709 1.4487 8.0000
410 710 0.9998 8.0000
410 711 1.4758 8.0000
410 712 0.9045 8.0000
410 713 1.3407 8.0000
410 714 0.8585 8.0000
410 715 1.1943 8.0000
410 716 0.9083 8.0000
410 717 1.1011 8.0000
410 718 1.0825 8.0000
410 719 1.3268 8.0000
410 720 1.3630 8.0000
411 414 0.9123 8.0000
411 416 1.3344 8.0000
411 710 1.4376 8.0000
411 712 1.3408 8.0000
411 714 1.2456 8.0000
411 715 1.3965 8.0000
411 716 1.2245 8.0000
411 717 1.2022 8.0000
411 718 1.3509 8.0000
411 719 1.3749 8.0000
412 415 0.8309 8.0000
412 416 0.8620 8.0000
412 417 1.3201 8.0000
412 418 1.2574 8.0000
412 702 1.4747 8.0000
412 704 1.2752 8.0000
412 706 1.1219 8.0000
412 707 1.4601 8.0000
412 708 0.9998 8.0000
412 709 1.3547 8.0000
412 710 0.9045 8.0000
412 711 1.3502 8.0000
412 712 0.8586 8.0000
412 713 1.2457 8.0000
412 714 0.9083 8.0000
412 715 1.1808 8.0000
412 716 1.0825 8.0000
412 717 1.2353 8.0000
412 718 1.3630 8.0000
413 416 0.9207 8.0000
413 418 1.3470 8.0000
413 708 1.4759 8.0000
413 710 1.3502 8.0000
413 712 1.2290 8.0000
413 713 1.3718 8.0000
413 714 1.1946 8.0000
413 715 1.2043 8.0000
413 716 1.3268 8.0000
413 717 1.2971 8.0000
414 417 0.8942 8.0000
414 418 0.8620 8.0000
414 419 1.3611 8.0000
414 420 1.2574 8.0000
414 700 1.4747 8.0000
414 702 1.2751 8.0000
414 704 1.1219 8.0000
414 706 0.9998 8.0000
414 707 1.3869 8.0000
414 708 0.9045 8.0000
414 709 1.2360 8.0000
414 710 0.8586 8.0000
414 711 1.2289 8.0000
414 712 0.9083 8.0000
414 713 1.2245 8.0000
414 714 1.0825 8.0000
414 715 1.3168 8.0000
414 716 1.3630 8.0000
415 418 0.8879 8.0000
415 420 1.3195 8.0000
415 704 1.4487 8.0000
415 706 1.3547 8.0000
415 708 1.2361 8.0000
415 709 1.4632 8.0000
415 710 1.1262 8.0000
415 711 1.2717 8.0000
415 712 1.1012 8.0000
415 713 1.2022 8.0000
415 714 1.2353 8.0000
415 715 1.3141 8.0000
416 419 0.9355 8.0000
416 420 0.8620 8.0000
416 421 1.4133 8.0000
416 422 1.2574 8.0000
416 698 1.4747 8.0000
416 700 1.2751 8.0000
416 702 1.1219 8.0000
416 704 0.9997 8.0000
416 705 1.4374 8.0000
416 706 0.9044 8.0000
416 707 1.2872 8.0000
416 708 0.8585 8.0000
416 709 1.1261 8.0000
416 710 0.9083 8.0000
416 711 1.1946 8.0000
416 712 1.0825 8.0000
416 713 1.3510 8.0000
416 714 1.3630 8.0000
417 420 0.8786 8.0000
417 422 1.3044 8.0000
417 702 1.4601 8.0000
417 704 1.3869 8.0000
417 706 1.2872 8.0000
417 708 1.1943 8.0000
417 709 1.2896 8.0000
417 710 1.1808 8.0000
417 711 1.2043 8.0000
417 712 1.3169 8.0000
417 713 1.4007 8.0000
418 421 0.9985 8.0000
418 422 0.8620 8.0000
418 423 1.2516 8.0000
418 424 1.2573 8.0000
418 696 1.4747 8.0000
418 698 1.2752 8.0000
418 700 1.1219 8.0000
418 701 1.4487 8.0000
418 702 0.9997 8.0000
418 703 1.4758 8.0000
418 704 0.9044 8.0000
418 705 1.3407 8.0000
418 706 0.8585 8.0000
418 707 1.1943 8.0000
418 708 0.9083 8.0000
418 709 1.1011 8.0000
418 710 1.0825 8.0000
418 711 1.3268 8.0000
418 712 1.3630 8.0000
419 422 0.9123 8.0000
419 424 1.3344 8.0000
419 702 1.4375 8.0000
419 704 1.3407 8.0000
419 706 1.2456 8.0000
419 707 1.3965 8.0000
419 708 1.2245 8.0000
419 709 1.2021 8.0000
419 710 1.3509 8.0000
419 711 1.3749 8.0000
420 423 0.8309 8.0000
420 424 0.8620 8.0000
420 425 1.3202 8.0000
420 426 1.2574 8.0000
420 694 1.4747 8.0000
420 696 1.2752 8.0000
420 698 1.1220 8.0000
420 699 1.4601 8.0000
420 700 0.9998 8.0000
420 701 1.3548 8.0000
420 702 0.9045 8.0000
420 703 1.3502 8.0000
420 704 0.8586 8.0000
420 705 1.2457 8.0000
420 706 0.9083 8.0000
420 707 1.1808 8.0000
420 708 1.0825 8.0000
420 709 1.2353 8.0000
420 710 1.3630 8.0000
421 424 0.9207 8.0000
421 426 1.3471 8.0000
421 700 1.4759 8.0000
421 702 1.3502 8.0000
421 704 1.2289 8.0000
421 705 1.3718 8.0000
421 706 1.1946 8.0000
421 707 1.2043 8.0000
421 708 1.3268 8.0000
421 709 1.2972 8.0000
422 425 0.8942 8.0000
422 426 0.8620 8.0000
422 427 1.3610 8.0000
422 428 1.2574 8.0000
422 692 1.4747 8.0000
422 694 1.2751 8.0000
422 696 1.1219 8.0000
422 698 0.9998 8.0000
422 699 1.3869 8.0000
422 700 0.9044 8.0000
422 701 1.2361 8.0000
422 702 0.8585 8.0000
422 703 1.2289 8.0000
422 704 0.9083 8.0000
422 705 1.2245 8.0000
422 706 1.0825 8.0000
422 707 1.3168 8.0000
422 708 1.3630 8.0000
423 426 0.8879 8.0000
423 428 1.3196 8.0000
423 696 1.4487 8.0000
423 698 1.3548 8.0000
423 700 1.2361 8.0000
423 701 1.4633 8.0000
423 702 1.1262 8.0000
423 703 1.2717 8.0000
423 704 1.1011 8.0000
423 705 1.2022 8.0000
423 706 1.2353 8.0000
423 707 1.3141 8.0000
424 427 0.9355 8.0000
424 428 0.8620 8.0000
424 429 1.4133 8.0000
424 430 1.2574 8.0000
424 690 1.4747 8.0000
424 692 1.2751 8.0000
424 694 1.1219 8.0000
424 696 0.9997 8.0000
424 697 1.4375 8.0000
424 698 0.9045 8.0000
424 699 1.2872 8.0000
424 700 0.8585 8.0000
424 701 1.1262 8.0000
424 702 0.9083 8.0000
424 703 1.1946 8.0000
424 704 1.0825 8.0000
424 705 1.3509 8.0000
424 706 1.3630 8.0000
425 428 0.8786 8.0000
425 430 1.3043 8.0000
425 694 1.4601 8.0000
425 696 1.3869 8.0000
425 698 1.2872 8.0000
425 700 1.1942 8.0000
425 701 1.2896 8.0000
425 702 1.1807 8.0000
425 703 1.2042 8.0000
425 704 1.3168 8.0000
425 705 1.4007 8.0000
426 429 0.9984 8.0000
426 430 0.8620 8.0000
426 431 1.2515 8.0000
426 432 1.2573 8.0000
426 688 1.4747 8.0000
426 690 1.2752 8.0000
426 692 1.1219 8.0000
426 693 1.4487 8.0000
426 694 0.9997 8.0000
426 695 1.4758 8.0000
426 696 0.9044 8.0000
426 697 1.3407 8.0000
426 698 0.8586 8.0000
426 699 1.1943 8.0000
426 700 0.9083 8.0000
426 701 1.1011 8.0000
426 702 1.0825 8.0000
426 703 1.3268 8.0000
426 704 1.3630 8.0000
427 430 0.9122 8.0000
427 432 1.3344 8.0000
427 694 1.4374 8.0000
427 696 1.3406 8.0000
427 698 1.2456 8.0000
427 699 1.3965 8.0000
427 700 1.2244 8.0000
427 701 1.2021 8.0000
427 702 1.3508 8.0000
427 703 1.3749 8.0000
428 431 0.8308 8.0000
428 432 0.8620 8.0000
428 433 1.3201 8.0000
428 434 1.2573 8.0000
428 686 1.4747 8.0000
428 688 1.2752 8.0000
428 690 1.1219 8.0000
428 691 1.4601 8.0000
428 692 0.9998 8.0000
428 693 1.3547 8.0000
428 694 0.9044 8.0000
428 695 1.3501 8.0000
428 696 0.8585 8.0000
428 697 1.2456 8.0000
428 698 0.9083 8.0000
428 699 1.1807 8.0000
428 700 1.0825 8.0000
428 701 1.2353 8.0000
428 702 1.3630 8.0000
429 432 0.9207 8.0000
429 434 1.3470 8.0000
429 692 1.4759 8.0000
429 694 1.3502 8.0000
429 696 1.2290 8.0000
429 697 1.3719 8.0000
429 698 1.1946 8.0000
429 699 1.2043 8.0000
429 700 1.3268 8.0000
429 701 1.2972 8.0000
430 433 0.8942 8.0000
430 434 0.8620 8.0000
430 435 1.3611 8.0000
430 436 1.2574 8.0000
430 684 1.4747 8.0000
430 686 1.2752 8.0000
430 688 1.1219 8.0000
430 690 0.9998 8.0000
430 691 1.3870 8.0000
430 692 0.9045 8.0000
430 693 1.2361 8.0000
430 694 0.8585 8.0000
430 695 1.2289 8.0000
430 696 0.9083 8.0000
430 697 1.2246 8.0000
430 698 1.0825 8.0000
430 699 1.3168 8.0000
430 700 1.3630 8.0000
431 434 0.8878 8.0000
431 436 1.3195 8.0000
431 688 1.4487 8.0000
431 690 1.3547 8.0000
431 692 1.2360 8.0000
431 693 1.4632 8.0000
431 694 1.1261 8.0000
431 695 1.2717 8.0000
431 696 1.1011 8.0000
431 697 1.2022 8.0000
431 698 1.2353 8.0000
431 699 1.3141 8.0000
432 435 0.9356 8.0000
432 436 0.8620 8.0000
432 437 1.4133 8.0000
432 438 1.2574 8.0000
432 682 1.4747 8.0000
432 684 1.2752 8.0000
432 686 1.1219 8.0000
432 688 0.9998 8.0000
432 689 1.4375 8.0000
432 690 0.9045 8.0000
432 691 1.2873 8.0000
432 692 0.8586 8.0000
432 693 1.1262 8.0000
432 694 0.9083 8.0000
432 695 1.1946 8.0000
432 696 1.0825 8.0000
432 697 1.3510 8.0000
432 698 1.3630 8.0000
433 436 0.8786 8.0000
433 438 1.3043 8.0000
433 686 1.4601 8.0000
433 688 1.3869 8.0000
433 690 1.2872 8.0000
433 692 1.1942 8.0000
433 693 1.2895 8.0000
433 694 1.1807 8.0000
433 695 1.2042 8.0000
433 696 1.3168 8.0000
433 697 1.4007 8.0000
434 437 0.9985 8.0000
434 438 0.8620 8.0000
434 439 1.2516 8.0000
434 440 1.2574 8.0000
434 680 1.4747 8.0000
434 682 1.2752 8.0000
434 684 1.1219 8.0000
434 685 1.4487 8.0000
434 686 0.9998 8.0000
434 687 1.4759 8.0000
434 688 0.9045 8.0000
434 689 1.3408 8.0000
434 690 0.8586 8.0000
434 691 1.1943 8.0000
434 692 0.9083 8.0000
434 693 1.1012 8.0000
434 694 1.0825 8.0000
434 695 1.3268 8.0000
434 696 1.3630 8.0000
435 438 0.9121 8.0000
435 440 1.3343 8.0000
435 686 1.4375 8.0000
435 688 1.3407 8.0000
435 690 1.2457 8.0000
435 691 1.3965 8.0000
435 692 1.2245 8.0000
435 693 1.2022 8.0000
435 694 1.3510 8.0000
435 695 1.3750 8.0000
436 439 0.8309 8.0000
436 440 0.8620 8.0000
436 441 1.3201 8.0000
436 442 1.2574 8.0000
436 678 1.4747 8.0000
436 680 1.2752 8.0000
436 682 1.1219 8.0000
436 683 1.4600 8.0000
436 684 0.9998 8.0000
436 685 1.3548 8.0000
436 686 0.9045 8.0000
436 687 1.3502 8.0000
436 688 0.8585 8.0000
436 689 1.2457 8.0000
436 690 0.9083 8.0000
436 691 1.1807 8.0000
436 692 1.0825 8.0000
436 693 1.2353 8.0000
436 694 1.3630 8.0000
437 440 0.9206 8.0000
437 442 1.3470 8.0000
437 684 1.4759 8.0000
437 686 1.3502 8.0000
437 688 1.2289 8.0000
437 689 1.3718 8.0000
437 690 1.1946 8.0000
437 691 1.2042 8.0000
437 692 1.3268 8.0000
437 693 1.2971 8.0000
438 441 0.8942 8.0000
438 442 0.8620 8.0000
438 443 1.3610 8.0000
438 444 1.2573 8.0000
438 676 1.4747 8.0000
438 678 1.2752 8.0000
438 680 1.1219 8.0000
438 682 0.9998 8.0000
438 683 1.3869 8.0000
438 684 0.9044 8.0000
438 685 1.2360 8.0000
438 686 0.8586 8.0000
438 687 1.2290 8.0000
438 688 0.9083 8.0000
438 689 1.2246 8.0000
438 690 1.0825 8.0000
438 691 1.3168 8.0000
438 692 1.3630 8.0000
439 442 0.8879 8.0000
439 444 1.3195 8.0000
439 680 1.4487 8.0000
439 682 1.3548 8.0000
439 684 1.2361 8.0000
439 685 1.4633 8.0000
439 686 1.1262 8.0000
439 687 1.2718 8.0000
439 688 1.1011 8.0000
439 689 1.2022 8.0000
439 690 1.2353 8.0000
439 691 1.3141 8.0000
440 443 0.9355 8.0000
440 444 0.8620 8.0000
440 445 1.4133 8.0000
440 446 1.2574 8.0000
440 674 1.4747 8.0000
440 676 1.2751 8.0000
440 678 1.1219 8.0000
440 680 0.9998 8.0000
440 681 1.4375 8.0000
440 682 0.9045 8.0000
440 683 1.2872 8.0000
440 684 0.8586 8.0000
440 685 1.1262 8.0000
440 686 0.9084 8.0000
440 687 1.1946 8.0000
440 688 1.0825 8.0000
440 689 1.3510 8.0000
440 690 1.3630 8.0000
441 444 0.8786 8.0000
441 446 1.3043 8.0000
441 678 1.4601 8.0000
441 680 1.3870 8.0000
441 682 1.2872 8.0000
441 684 1.1943 8.0000
441 685 1.2896 8.0000
441 686 1.1808 8.0000
441 687 1.2042 8.0000
441 688 1.3168 8.0000
441 689 1.4007 8.0000
442 445 0.9984 8.0000
442 446 0.8620 8.0000
442 447 1.2515 8.0000
442 448 1.2574 8.0000
442 672 1.4747 8.0000
442 674 1.2752 8.0000
442 676 1.1219 8.0000
442 677 1.4487 8.0000
442 678 0.9998 8.0000
442 679 1.4759 8.0000
442 680 0.9045 8.0000
442 681 1.3407 8.0000
442 682 0.8586 8.0000
442 683 1.1943 8.0000
442 684 0.9083 8.0000
442 685 1.1011 8.0000
442 686 1.0825 8.0000
442 687 1.3268 8.0000
442 688 1.3630 8.0000
443 446 0.9122 8.0000
443 448 1.3344 8.0000
443 678 1.4375 8.0000
443 680 1.3407 8.0000
443 682 1.2456 8.0000
443 683 1.3965 8.0000
443 684 1.2245 8.0000
443 685 1.2022 8.0000
443 686 1.3509 8.0000
443 687 1.3749 8.0000
444 447 0.8309 8.0000
444 448 0.8620 8.0000
444 449 1.3201 8.0000
444 450 1.2574 8.0000
444 670 1.4747 8.0000
444 672 1.2751 8.0000
444 674 1.1219 8.0000
444 675 1.4601 8.0000
444 676 0.9997 8.0000
444 677 1.3548 8.0000
444 678 0.9045 8.0000
444 679 1.3502 8.0000
444 680 0.8586 8.0000
444 681 1.2456 8.0000
444 682 0.9084 8.0000
444 683 1.1808 8.0000
444 684 1.0825 8.0000
444 685 1.2353 8.0000
444 686 1.3630 8.0000
445 448 0.9206 8.0000
445 450 1.3469 8.0000
445 676 1.4758 8.0000
445 678 1.3501 8.0000
445 680 1.2289 8.0000
445 681 1.3718 8.0000
445 682 1.1946 8.0000
445 683 1.2043 8.0000
445 684 1.3268 8.0000
445 685 1.2972 8.0000
446 449 0.8942 8.0000
446 450 0.8620 8.0000
446 451 1.3611 8.0000
446 452 1.2574 8.0000
446 668 1.4747 8.0000
446 670 1.2752 8.0000
446 672 1.1219 8.0000
446 674 0.9998 8.0000
446 675 1.3870 8.0000
446 676 0.9045 8.0000
446 677 1.2361 8.0000
446 678 0.8586 8.0000
446 679 1.2290 8.0000
446 680 0.9084 8.0000
446 681 1.2245 8.0000
446 682 1.0825 8.0000
446 683 1.3168 8.0000
446 684 1.3630 8.0000
447 450 0.8878 8.0000
447 452 1.3195 8.0000
447 672 1.4487 8.0000
447 674 1.3547 8.0000
447 676 1.2361 8.0000
447 677 1.4633 8.0000
447 678 1.1261 8.0000
447 679 1.2718 8.0000
447 680 1.1011 8.0000
447 681 1.2021 8.0000
447 682 1.2353 8.0000
447 683 1.3141 8.0000
448 451 0.9355 8.0000
448 452 0.8620 8.0000
448 453 1.4133 8.0000
448 454 1.2574 8.0000
448 666 1.4747 8.0000
448 668 1.2752 8.0000
448 670 1.1219 8.0000
448 672 0.9998 8.0000
448 673 1.4375 8.0000
448 674 0.9044 8.0000
448 675 1.2872 8.0000
448 676 0.8586 8.0000
448 677 1.1263 8.0000
448 678 0.9083 8.0000
448 679 1.1946 8.0000
448 680 1.0825 8.0000
448 681 1.3509 8.0000
448 682 1.3630 8.0000
449 452 0.8786 8.0000
449 454 1.3043 8.0000
449 670 1.4601 8.0000
449 672 1.3869 8.0000
449 674 1.2871 8.0000
449 676 1.1943 8.0000
449 677 1.2896 8.0000
449 678 1.1807 8.0000
449 679 1.2043 8.0000
449 680 1.3168 8.0000
449 681 1.4006 8.0000
450 453 0.9985 8.0000
450 454 0.8620 8.0000
450 455 1.2516 8.0000
450 456 1.2574 8.0000
450 664 1.4747 8.0000
450 666 1.2752 8.0000
450 668 1.1219 8.0000
450 669 1.4487 8.0000
450 670 0.9998 8.0000
450 671 1.4759 8.0000
450 672 0.9045 8.0000
450 673 1.3407 8.0000
450 674 0.8586 8.0000
450 675 1.1943 8.0000
450 676 0.9084 8.0000
450 677 1.1012 8.0000
450 678 1.0825 8.0000
450 679 1.3269 8.0000
450 680 1.3630 8.0000
451 454 0.9122 8.0000
451 456 1.3344 8.0000
451 670 1.4375 8.0000
451 672 1.3407 8.0000
451 674 1.2456 8.0000
451 675 1.3964 8.0000
451 676 1.2245 8.0000
451 677 1.2021 8.0000
451 678 1.3508 8.0000
451 679 1.3749 8.0000
452 455 0.8308 8.0000
452 456 0.8620 8.0000
452 457 1.3201 8.0000
452 458 1.2573 8.0000
452 662 1.4747 8.0000
452 664 1.2752 8.0000
452 666 1.1219 8.0000
452 667 1.4600 8.0000
452 668 0.9998 8.0000
452 669 1.3547 8.0000
452 670 0.9045 8.0000
452 671 1.3501 8.0000
452 672 0.8585 8.0000
452 673 1.2456 8.0000
452 674 0.9083 8.0000
452 675 1.1807 8.0000
452 676 1.0825 8.0000
452 677 1.2353 8.0000
452 678 1.3630 8.0000
453 456 0.9207 8.0000
453 458 1.3470 8.0000
453 668 1.4759 8.0000
453 670 1.3502 8.0000
453 672 1.2290 8.0000
453 673 1.3718 8.0000
453 674 1.1946 8.0000
453 675 1.2042 8.0000
453 676 1.3269 8.0000
453 677 1.2971 8.0000
454 457 0.8942 8.0000
454 458 0.8620 8.0000
454 459 1.3611 8.0000
454 460 1.2574 8.0000
454 660 1.4747 8.0000
454 662 1.2752 8.0000
454 664 1.1219 8.0000
454 666 0.9998 8.0000
454 667 1.3869 8.0000
454 668 0.9045 8.0000
454 669 1.2360 8.0000
454 670 0.8586 8.0000
454 671 1.2290 8.0000
454 672 0.9083 8.0000
454 673 1.2246 8.0000
454 674 1.0825 8.0000
454 675 1.3168 8.0000
454 676 1.3630 8.0000
455 458 0.8879 8.0000
455 460 1.3195 8.0000
455 664 1.4487 8.0000
455 666 1.3547 8.0000
455 668 1.2361 8.0000
455 669 1.4632 8.0000
455 670 1.1262 8.0000
455 671 1.2717 8.0000
455 672 1.1011 8.0000
455 673 1.2022 8.0000
455 674 1.2353 8.0000
455 675 1.3141 8.0000
456 459 0.9355 8.0000
456 460 0.8620 8.0000
456 461 1.4133 8.0000
456 462 1.2574 8.0000
456 658 1.4747 8.0000
456 660 1.2751 8.0000
456 662 1.1219 8.0000
456 664 0.9998 8.0000
456 665 1.4375 8.0000
456 666 0.9045 8.0000
456 667 1.2872 8.0000
456 668 0.8586 8.0000
456 669 1.1261 8.0000
456 670 0.9083 8.0000
456 671 1.1945 8.0000
456 672 1.0825 8.0000
456 673 1.3509 8.0000
456 674 1.3630 8.0000
457 460 0.8787 8.0000
457 462 1.3043 8.0000
457 662 1.4601 8.0000
457 664 1.3869 8.0000
457 666 1.2872 8.0000
457 668 1.1943 8.0000
457 669 1.2896 8.0000
457 670 1.1808 8.0000
457 671 1.2043 8.0000
457 672 1.3168 8.0000
457 673 1.4007 8.0000
458 461 0.9985 8.0000
458 462 0.8620 8.0000
458 463 1.2516 8.0000
458 464 1.2574 8.0000
458 656 1.4747 8.0000
458 658 1.2751 8.0000
458 660 1.1219 8.0000
458 661 1.4487 8.0000
458 662 0.9997 8.0000
458 663 1.4758 8.0000
458 664 0.9044 8.0000
458 665 1.3406 8.0000
458 666 0.8585 8.0000
458 667 1.1942 8.0000
458 668 0.9083 8.0000
458 669 1.1011 8.0000
458 670 1.0825 8.0000
458 671 1.3268 8.0000
458 672 1.3630 8.0000
459 462 0.9121 8.0000
459 464 1.3343 8.0000
459 662 1.4374 8.0000
459 664 1.3406 8.0000
459 666 1.2456 8.0000
459 667 1.3965 8.0000
459 668 1.2246 8.0000
459 669 1.2022 8.0000
459 670 1.3509 8.0000
459 671 1.3750 8.0000
460 463 0.8308 8.0000
460 464 0.8620 8.0000
460 465 1.3201 8.0000
460 466 1.2573 8.0000
460 654 1.4747 8.0000
460 656 1.2752 8.0000
460 658 1.1219 8.0000
460 659 1.4601 8.0000
460 660 0.9997 8.0000
460 661 1.3548 8.0000
460 662 0.9044 8.0000
460 663 1.3501 8.0000
460 664 0.8585 8.0000
460 665 1.2456 8.0000
460 666 0.9083 8.0000
460 667 1.1807 8.0000
460 668 1.0825 8.0000
460 669 1.2353 8.0000
460 670 1.3630 8.0000
461 464 0.9207 8.0000
461 466 1.3470 8.0000
461 660 1.4758 8.0000
461 662 1.3501 8.0000
461 664 1.2289 8.0000
461 665 1.3718 8.0000
461 666 1.1946 8.0000
461 667 1.2043 8.0000
461 668 1.3268 8.0000
461 669 1.2972 8.0000
462 465 0.8943 8.0000
462 466 0.8620 8.0000
462 467 1.3611 8.0000
462 468 1.2574 8.0000
462 652 1.4747 8.0000
462 654 1.2752 8.0000
462 656 1.1220 8.0000
462 658 0.9998 8.0000
462 659 1.3870 8.0000
462 660 0.9045 8.0000
462 661 1.2361 8.0000
462 662 0.8586 8.0000
462 663 1.2290 8.0000
462 664 0.9083 8.0000
462 665 1.2245 8.0000
462 666 1.0825 8.0000
462 667 1.3168 8.0000
462 668 1.3630 8.0000
463 466 0.8878 8.0000
463 468 1.3196 8.0000
463 656 1.4487 8.0000
463 658 1.3547 8.0000
463 660 1.2360 8.0000
463 661 1.4632 8.0000
463 662 1.1261 8.0000
463 663 1.2717 8.0000
463 664 1.1011 8.0000
463 665 1.2021 8.0000
463 666 1.2353 8.0000
463 667 1.3141 8.0000
464 467 0.9355 8.0000
464 468 0.8620 8.0000
464 469 1.4132 8.0000
464 470 1.2573 8.0000
464 650 1.4747 8.0000
464 652 1.2751 8.0000
464 654 1.1219 8.0000
464 656 0.9998 8.0000
464 657 1.4374 8.0000
464 658 0.9044 8.0000
464 659 1.2872 8.0000
464 660 0.8585 8.0000
464 661 1.1261 8.0000
464 662 0.9083 8.0000
464 663 1.1945 8.0000
464 664 1.0825 8.0000
464 665 1.3508 8.0000
464 666 1.3630 8.0000
465 468 0.8787 8.0000
465 470 1.3044 8.0000
465 654 1.4601 8.0000
465 656 1.3870 8.0000
465 658 1.2872 8.0000
465 660 1.1943 8.0000
465 661 1.2896 8.0000
465 662 1.1807 8.0000
465 663 1.2043 8.0000
465 664 1.3168 8.0000
465 665 1.4006 8.0000
466 469 0.9985 8.0000
466 470 0.8620 8.0000
466 471 1.2515 8.0000
466 472 1.2574 8.0000
466 648 1.4747 8.0000
466 650 1.2751 8.0000
466 652 1.1219 8.0000
466 653 1.4487 8.0000
466 654 0.9997 8.0000
466 655 1.4758 8.0000
466 656 0.9045 8.0000
466 657 1.3406 8.0000
466 658 0.8585 8.0000
466 659 1.1943 8.0000
466 660 0.9083 8.0000
466 661 1.1012 8.0000
466 662 1.0825 8.0000
466 663 1.3268 8.0000
466 664 1.3630 8.0000
467 470 0.9122 8.0000
467 472 1.3343 8.0000
467 654 1.4375 8.0000
467 656 1.3407 8.0000
467 658 1.2456 8.0000
467 659 1.3965 8.0000
467 660 1.2246 8.0000
467 661 1.2022 8.0000
467 662 1.3509 8.0000
467 663 1.3750 8.0000
468 471 0.8308 8.0000
468 472 0.8620 8.0000
468 473 1.3200 8.0000
468 474 1.2573 8.0000
468 646 1.4747 8.0000
468 648 1.2752 8.0000
468 650 1.1219 8.0000
468 651 1.4601 8.0000
468 652 0.9997 8.0000
468 653 1.3548 8.0000
468 654 0.9044 8.0000
468 655 1.3501 8.0000
468 656 0.8586 8.0000
468 657 1.2456 8.0000
468 658 0.9083 8.0000
468 659 1.1807 8.0000
468 660 1.0825 8.0000
468 661 1.2353 8.0000
468 662 1.3630 8.0000
469 472 0.9207 8.0000
469 474 1.3470 8.0000
469 652 1.4758 8.0000
469 654 1.3501 8.0000
469 656 1.2290 8.0000
469 657 1.3718 8.0000
469 658 1.1945 8.0000
469 659 1.2043 8.0000
469 660 1.3268 8.0000
469 661 1.2971 8.0000
470 473 0.8941 8.0000
470 474 0.8620 8.0000
470 475 1.3611 8.0000
470 476 1.2573 8.0000
470 644 1.4747 8.0000
470 646 1.2752 8.0000
470 648 1.1219 8.0000
470 650 0.9998 8.0000
470 651 1.3869 8.0000
470 652 0.9044 8.0000
470 653 1.2360 8.0000
470 654 0.8585 8.0000
470 655 1.2289 8.0000
470 656 0.9083 8.0000
470 657 1.2245 8.0000
470 658 1.0825 8.0000
470 659 1.3168 8.0000
470 660 1.3630 8.0000
471 474 0.8878 8.0000
471 476 1.3195 8.0000
471 648 1.4486 8.0000
471 650 1.3547 8.0000
471 652 1.2360 8.0000
471 653 1.4632 8.0000
471 654 1.1261 8.0000
471 655 1.2717 8.0000
471 656 1.1011 8.0000
471 657 1.2022 8.0000
471 658 1.2352 8.0000
471 659 1.3141 8.0000
472 475 0.9356 8.0000
472 476 0.8620 8.0000
472 477 1.4133 8.0000
472 478 1.2574 8.0000
472 642 1.4747 8.0000
472 644 1.2752 8.0000
472 646 1.1219 8.0000
472 648 0.9998 8.0000
472 649 1.4375 8.0000
472 650 0.9045 8.0000
472 651 1.2872 8.0000
472 652 0.8585 8.0000
472 653 1.1262 8.0000
472 654 0.9083 8.0000
472 655 1.1946 8.0000
472 656 1.0825 8.0000
472 657 1.3509 8.0000
472 658 1.3630 8.0000
473 476 0.8786 8.0000
473 478 1.3043 8.0000
473 646 1.4600 8.0000
473 648 1.3869 8.0000
473 650 1.2872 8.0000
473 652 1.1942 8.0000
473 653 1.2896 8.0000
473 654 1.1807 8.0000
473 655 1.2043 8.0000
473 656 1.3168 8.0000
473 657 1.4007 8.0000
474 477 0.9985 8.0000
474 478 0.8620 8.0000
474 479 1.2516 8.0000
474 480 1.2574 8.0000
474 640 1.4747 8.0000
474 642 1.2752 8.0000
474 644 1.1219 8.0000
474 645 1.4487 8.0000
474 646 0.9998 8.0000
474 647 1.4759 8.0000
474 648 0.9045 8.0000
474 649 1.3407 8.0000
474 650 0.8586 8.0000
474 651 1.1943 8.0000
474 652 0.9084 8.0000
474 653 1.1012 8.0000
474 654 1.0825 8.0000
474 655 1.3268 8.0000
474 656 1.3630 8.0000
475 478 0.9121 8.0000
475 480 1.3344 8.0000
475 646 1.4375 8.0000
475 648 1.3407 8.0000
475 650 1.2456 8.0000
475 651 1.3966 8.0000
475 652 1.2246 8.0000
475 653 1.2022 8.0000
475 654 1.3509 8.0000
475 655 1.3750 8.0000
476 479 0.8309 8.0000
476 480 0.8620 8.0000
476 481 1.3202 8.0000
476 482 1.2574 8.0000
476 638 1.4747 8.0000
476 640 1.2752 8.0000
476 642 1.1219 8.0000
476 643 1.4601 8.0000
476 644 0.9998 8.0000
476 645 1.3547 8.0000
476 646 0.9045 8.0000
476 647 1.3502 8.0000
476 648 0.8586 8.0000
476 649 1.2457 8.0000
476 650 0.9083 8.0000
476 651 1.1808 8.0000
476 652 1.0825 8.0000
476 653 1.2353 8.0000
476 654 1.3630 8.0000
477 480 0.9207 8.0000
477 482 1.3469 8.0000
477 644 1.4759 8.0000
477 646 1.3501 8.0000
477 648 1.2289 8.0000
477 649 1.3718 8.0000
477 650 1.1945 8.0000
477 651 1.2043 8.0000
477 652 1.3268 8.0000
477 653 1.2971 8.0000
478 481 0.8943 8.0000
478 482 0.8620 8.0000
478 483 1.3610 8.0000
478 484 1.2574 8.0000
478 636 1.4747 8.0000
478 638 1.2752 8.0000
478 640 1.1219 8.0000
478 642 0.9998 8.0000
478 643 1.3869 8.0000
478 644 0.9045 8.0000
478 645 1.2360 8.0000
478 646 0.8585 8.0000
478 647 1.2290 8.0000
478 648 0.9083 8.0000
478 649 1.2245 8.0000
478 650 1.0825 8.0000
478 651 1.3168 8.0000
478 652 1.3630 8.0000
479 482 0.8878 8.0000
479 484 1.3196 8.0000
479 640 1.4487 8.0000
479 642 1.3548 8.0000
479 644 1.2361 8.0000
479 645 1.4632 8.0000
479 646 1.1262 8.0000
479 647 1.2717 8.0000
479 648 1.1012 8.0000
479 649 1.2021 8.0000
479 650 1.2353 8.0000
479 651 1.3141 8.0000
480 483 0.9355 8.0000
480 484 0.8620 8.0000
480 485 1.4133 8.0000
480 486 1.2574 8.0000
480 634 1.4747 8.0000
480 636 1.2752 8.0000
480 638 1.1220 8.0000
480 640 0.9998 8.0000
480 641 1.4374 8.0000
480 642 0.9044 8.0000
480 643 1.2871 8.0000
480 644 0.8586 8.0000
480 645 1.1261 8.0000
480 646 0.9083 8.0000
480 647 1.1946 8.0000
480 648 1.0825 8.0000
480 649 1.3509 8.0000
480 650 1.3630 8.0000
481 484 0.8787 8.0000
481 486 1.3044 8.0000
481 638 1.4602 8.0000
481 640 1.3870 8.0000
481 642 1.2872 8.0000
481 644 1.1943 8.0000
481 645 1.2895 8.0000
481 646 1.1807 8.0000
481 647 1.2042 8.0000
481 648 1.3168 8.0000
481 649 1.4006 8.0000
482 485 0.9985 8.0000
482 486 0.8620 8.0000
482 487 1.2516 8.0000
482 488 1.2574 8.0000
482 632 1.4747 8.0000
482 634 1.2751 8.0000
482 636 1.1219 8.0000
482 637 1.4487 8.0000
482 638 0.9998 8.0000
482 639 1.4758 8.0000
482 640 0.9045 8.0000
482 641 1.3406 8.0000
482 642 0.8586 8.0000
482 643 1.1943 8.0000
482 644 0.9084 8.0000
482 645 1.1012 8.0000
482 646 1.0825 8.0000
482 647 1.3269 8.0000
482 648 1.3630 8.0000
483 486 0.9122 8.0000
483 488 1.3344 8.0000
483 638 1.4375 8.0000
483 640 1.3407 8.0000
483 642 1.2456 8.0000
483 643 1.3964 8.0000
483 644 1.2245 8.0000
483 645 1.2021 8.0000
483 646 1.3508 8.0000
483 647 1.3749 8.0000
484 487 0.8308 8.0000
484 488 0.8620 8.0000
484 489 1.3200 8.0000
484 490 1.2574 8.0000
484 630 1.4747 8.0000
484 632 1.2752 8.0000
484 634 1.1219 8.0000
484 635 1.4601 8.0000
484 636 0.9998 8.0000
484 637 1.3548 8.0000
484 638 0.9045 8.0000
484 639 1.3501 8.0000
484 640 0.8586 8.0000
484 641 1.2455 8.0000
484 642 0.9083 8.0000
484 643 1.1807 8.0000
484 644 1.0825 8.0000
484 645 1.2353 8.0000
484 646 1.3630 8.0000
485 488 0.9207 8.0000
485 490 1.3470 8.0000
485 636 1.4759 8.0000
485 638 1.3502 8.0000
485 640 1.2290 8.0000
485 641 1.3718 8.0000
485 642 1.1946 8.0000
485 643 1.2043 8.0000
485 644 1.3269 8.0000
485 645 1.2972 8.0000
486 489 0.8942 8.0000
486 490 0.8620 8.0000
486 491 1.3611 8.0000
486 492 1.2574 8.0000
486 628 1.4747 8.0000
486 630 1.2752 8.0000
486 632 1.1219 8.0000
486 634 0.9998 8.0000
486 635 1.3870 8.0000
486 636 0.9045 8.0000
486 637 1.2361 8.0000
486 638 0.8586 8.0000
486 639 1.2289 8.0000
486 640 0.9084 8.0000
486 641 1.2244 8.0000
486 642 1.0825 8.0000
486 643 1.3168 8.0000
486 644 1.3630 8.0000
487 490 0.8878 8.0000
487 492 1.3195 8.0000
487 632 1.4486 8.0000
487 634 1.3547 8.0000
487 636 1.2360 8.0000
487 637 1.4632 8.0000
487 638 1.1261 8.0000
487 639 1.2717 8.0000
487 640 1.1011 8.0000
487 641 1.2021 8.0000
487 642 1.2353 8.0000
487 643 1.3141 8.0000
488 491 0.9355 8.0000
488 492 0.8620 8.0000
488 493 1.4133 8.0000
488 494 1.2574 8.0000
488 626 1.4747 8.0000
488 628 1.2752 8.0000
488 630 1.1219 8.0000
488 632 0.9998 8.0000
488 633 1.4376 8.0000
488 634 0.9045 8.0000
488 635 1.2872 8.0000
488 636 0.8586 8.0000
488 637 1.1262 8.0000
488 638 0.9084 8.0000
488 639 1.1946 8.0000
488 640 1.0825 8.0000
488 641 1.3508 8.0000
488 642 1.3630 8.0000
489 492 0.8786 8.0000
489 494 1.3043 8.0000
489 630 1.4600 8.0000
489 632 1.3869 8.0000
489 634 1.2872 8.0000
489 636 1.1943 8.0000
489 637 1.2896 8.0000
489 638 1.1807 8.0000
489 639 1.2043 8.0000
489 640 1.3168 8.0000
489 641 1.4006 8.0000
490 493 0.9985 8.0000
490 494 0.8620 8.0000
490 495 1.2516 8.0000
490 496 1.2574 8.0000
490 624 1.4747 8.0000
490 626 1.2752 8.0000
490 628 1.1219 8.0000
490 629 1.4487 8.0000
490 630 0.9998 8.0000
490 631 1.4759 8.0000
490 632 0.9044 8.0000
490 633 1.3408 8.0000
490 634 0.8586 8.0000
490 635 1.1943 8.0000
490 636 0.9083 8.0000
490 637 1.1012 8.0000
490 638 1.0825 8.0000
490 639 1.3268 8.0000
490 640 1.3630 8.0000
491 494 0.9121 8.0000
491 496 1.3343 8.0000
491 630 1.4374 8.0000
491 632 1.3407 8.0000
491 634 1.2457 8.0000
491 635 1.3965 8.0000
491 636 1.2245 8.0000
491 637 1.2023 8.0000
491 638 1.3509 8.0000
491 639 1.3750 8.0000
492 495 0.8309 8.0000
492 496 0.8620 8.0000
492 497 1.3202 8.0000
492 498 1.2574 8.0000
492 622 1.4747 8.0000
492 624 1.2752 8.0000
492 626 1.1219 8.0000
492 627 1.4601 8.0000
492 628 0.9998 8.0000
492 629 1.3548 8.0000
492 630 0.9045 8.0000
492 631 1.3502 8.0000
492 632 0.8586 8.0000
492 633 1.2457 8.0000
492 634 0.9084 8.0000
492 635 1.1808 8.0000
492 636 1.0825 8.0000
492 637 1.2353 8.0000
492 638 1.3630 8.0000
493 496 0.9207 8.0000
493 498 1.3470 8.0000
493 628 1.4759 8.0000
493 630 1.3502 8.0000
493 632 1.2290 8.0000
493 633 1.3718 8.0000
493 634 1.1946 8.0000
493 635 1.2042 8.0000
493 636 1.3268 8.0000
493 637 1.2972 8.0000
494 497 0.8943 8.0000
494 498 0.8620 8.0000
494 499 1.3611 8.0000
494 500 1.2573 8.0000
494 620 1.4747 8.0000
494 622 1.2752 8.0000
494 624 1.1219 8.0000
494 626 0.9998 8.0000
494 627 1.3869 8.0000
494 628 0.9045 8.0000
494 629 1.2360 8.0000
494 630 0.8585 8.0000
494 631 1.2289 8.0000
494 632 0.9083 8.0000
494 633 1.2245 8.0000
494 634 1.0825 8.0000
494 635 1.3168 8.0000
494 636 1.3630 8.0000
495 498 0.8879 8.0000
495 500 1.3195 8.0000
495 624 1.4487 8.0000
495 626 1.3548 8.0000
495 628 1.2361 8.0000
495 629 1.4632 8.0000
495 630 1.1262 8.0000
495 631 1.2717 8.0000
495 632 1.1011 8.0000
495 633 1.2021 8.0000
495 634 1.2353 8.0000
495 635 1.3141 8.0000
496 499 0.9356 8.0000
496 500 0.8620 8.0000
496 501 1.4133 8.0000
496 502 1.2574 8.0000
496 618 1.4747 8.0000
496 620 1.2752 8.0000
496 622 1.1219 8.0000
496 624 0.9998 8.0000
496 625 1.4375 8.0000
496 626 0.9045 8.0000
496 627 1.2872 8.0000
496 628 0.8586 8.0000
496 629 1.1262 8.0000
496 630 0.9083 8.0000
496 631 1.1946 8.0000
496 632 1.0825 8.0000
496 633 1.3509 8.0000
496 634 1.3630 8.0000
497 500 0.8786 8.0000
497 502 1.3043 8.0000
497 622 1.4601 8.0000
497 624 1.3870 8.0000
497 626 1.2873 8.0000
497 628 1.1943 8.0000
497 629 1.2896 8.0000
497 630 1.1807 8.0000
497 631 1.2042 8.0000
497 632 1.3168 8.0000
497 633 1.4006 8.0000
498 501 0.9984 8.0000
498 502 0.8620 8.0000
498 503 1.2515 8.0000
498 504 1.2574 8.0000
498 616 1.4747 8.0000
498 618 1.2751 8.0000
498 620 1.1219 8.0000
498 621 1.4487 8.0000
498 622 0.9998 8.0000
498 623 1.4759 8.0000
498 624 0.9045 8.0000
498 625 1.3407 8.0000
498 626 0.8586 8.0000
498 627 1.1942 8.0000
498 628 0.9083 8.0000
498 629 1.1011 8.0000
498 630 1.0825 8.0000
498 631 1.3268 8.0000
498 632 1.3630 8.0000
499 502 0.9121 8.0000
499 504 1.3343 8.0000
499 622 1.4374 8.0000
499 624 1.3407 8.0000
499 626 1.2456 8.0000
499 627 1.3964 8.0000
499 628 1.2245 8.0000
499 629 1.2022 8.0000
499 630 1.3509 8.0000
499 631 1.3750 8.0000
500 503 0.8308 8.0000
500 504 0.8620 8.0000
500 505 1.3201 8.0000
500 506 1.2574 8.0000
500 614 1.4747 8.0000
500 616 1.2751 8.0000
500 618 1.1219 8.0000
500 619 1.4601 8.0000
500 620 0.9997 8.0000
500 621 1.3547 8.0000
500 622 0.9044 8.0000
500 623 1.3502 8.0000
500 624 0.8585 8.0000
500 625 1.2456 8.0000
500 626 0.9083 8.0000
500 627 1.1807 8.0000
500 628 1.0825 8.0000
500 629 1.2353 8.0000
500 630 1.3630 8.0000
501 504 0.9206 8.0000
501 506 1.3470 8.0000
501 620 1.4758 8.0000
501 622 1.3501 8.0000
501 624 1.2289 8.0000
501 625 1.3718 8.0000
501 626 1.1946 8.0000
501 627 1.2042 8.0000
501 628 1.3268 8.0000
501 629 1.2971 8.0000
502 505 0.8942 8.0000
502 506 0.8620 8.0000
502 507 1.3610 8.0000
502 508 1.2573 8.0000
502 612 1.4747 8.0000
502 614 1.2752 8.0000
502 616 1.1219 8.0000
502 618 0.9997 8.0000
502 619 1.3869 8.0000
502 620 0.9044 8.0000
502 621 1.2361 8.0000
502 622 0.8585 8.0000
502 623 1.2290 8.0000
502 624 0.9083 8.0000
502 625 1.2245 8.0000
502 626 1.0825 8.0000
502 627 1.3168 8.0000
502 628 1.3630 8.0000
503 506 0.8879 8.0000
503 508 1.3195 8.0000
503 616 1.4487 8.0000
503 618 1.3547 8.0000
503 620 1.2360 8.0000
503 621 1.4633 8.0000
503 622 1.1261 8.0000
503 623 1.2718 8.0000
503 624 1.1012 8.0000
503 625 1.2022 8.0000
503 626 1.2353 8.0000
503 627 1.3141 8.0000
504 507 0.9355 8.0000
504 508 0.8620 8.0000
504 509 1.4133 8.0000
504 510 1.2574 8.0000
504 610 1.4747 8.0000
504 612 1.2752 8.0000
504 614 1.1220 8.0000
504 616 0.9998 8.0000
504 617 1.4375 8.0000
504 618 0.9045 8.0000
504 619 1.2872 8.0000
504 620 0.8586 8.0000
504 621 1.1263 8.0000
504 622 0.9083 8.0000
504 623 1.1946 8.0000
504 624 1.0825 8.0000
504 625 1.3509 8.0000
504 626 1.3630 8.0000
505 508 0.8786 8.0000
505 510 1.3044 8.0000
505 614 1.4601 8.0000
505 616 1.3869 8.0000
505 618 1.2872 8.0000
505 620 1.1943 8.0000
505 621 1.2896 8.0000
505 622 1.1807 8.0000
505 623 1.2043 8.0000
505 624 1.3168 8.0000
505 625 1.4006 8.0000
506 509 0.9984 8.0000
506 510 0.8620 8.0000
506 511 1.2515 8.0000
506 512 1.2574 8.0000
506 608 1.4747 8.0000
506 610 1.2751 8.0000
506 612 1.1219 8.0000
506 613 1.4487 8.0000
506 614 0.9998 8.0000
506 615 1.4759 8.0000
506 616 0.9044 8.0000
506 617 1.3406 8.0000
506 618 0.8585 8.0000
506 619 1.1942 8.0000
506 620 0.9083 8.0000
506 621 1.1011 8.0000
506 622 1.0825 8.0000
506 623 1.3268 8.0000
506 624 1.3630 8.0000
507 510 0.9122 8.0000
507 512 1.3344 8.0000
507 614 1.4375 8.0000
507 616 1.3406 8.0000
507 618 1.2456 8.0000
507 619 1.3964 8.0000
507 620 1.2244 8.0000
507 621 1.2021 8.0000
507 622 1.3508 8.0000
507 623 1.3749 8.0000
508 511 0.8308 8.0000
508 512 0.8620 8.0000
508 513 1.3201 8.0000
508 514 1.2574 8.0000
508 606 1.4747 8.0000
508 608 1.2751 8.0000
508 610 1.1219 8.0000
508 611 1.4601 8.0000
508 612 0.9997 8.0000
508 613 1.3547 8.0000
508 614 0.9045 8.0000
508 615 1.3502 8.0000
508 616 0.8585 8.0000
508 617 1.2456 8.0000
508 618 0.9083 8.0000
508 619 1.1807 8.0000
508 620 1.0825 8.0000
508 621 1.2353 8.0000
508 622 1.3630 8.0000
509 512 0.9207 8.0000
509 514 1.3470 8.0000
509 612 1.4758 8.0000
509 614 1.3502 8.0000
509 616 1.2289 8.0000
509 617 1.3717 8.0000
509 618 1.1946 8.0000
509 619 1.2042 8.0000
509 620 1.3268 8.0000
509 621 1.2971 8.0000
510 513 0.8942 8.0000
510 514 0.8620 8.0000
510 515 1.3610 8.0000
510 516 1.2573 8.0000
510 604 1.4747 8.0000
510 606 1.2752 8.0000
510 608 1.1219 8.0000
510 610 0.9997 8.0000
510 611 1.3869 8.0000
510 612 0.9044 8.0000
510 613 1.2360 8.0000
510 614 0.8586 8.0000
510 615 1.2289 8.0000
510 616 0.9083 8.0000
510 617 1.2245 8.0000
510 618 1.0825 8.0000
510 619 1.3168 8.0000
510 620 1.3630 8.0000
511 514 0.8879 8.0000
511 516 1.3195 8.0000
511 608 1.4487 8.0000
511 610 1.3547 8.0000
511 612 1.2361 8.0000
511 613 1.4633 8.0000
511 614 1.1263 8.0000
511 615 1.2718 8.0000
511 616 1.1011 8.0000
511 617 1.2022 8.0000
511 618 1.2353 8.0000
511 619 1.3141 8.0000
512 515 0.9355 8.0000
512 516 0.8620 8.0000
512 517 1.4132 8.0000
512 518 1.2573 8.0000
512 602 1.4747 8.0000
512 604 1.2752 8.0000
512 606 1.1219 8.0000
512 608 0.9998 8.0000
512 609 1.4374 8.0000
512 610 0.9044 8.0000
512 611 1.2872 8.0000
512 612 0.8585 8.0000
512 613 1.1261 8.0000
512 614 0.9083 8.0000
512 615 1.1946 8.0000
512 616 1.0825 8.0000
512 617 1.3509 8.0000
512 618 1.3630 8.0000
513 516 0.8786 8.0000
513 518 1.3043 8.0000
513 606 1.4601 8.0000
513 608 1.3869 8.0000
513 610 1.2872 8.0000
513 612 1.1943 8.0000
513 613 1.2896 8.0000
513 614 1.1808 8.0000
513 615 1.2043 8.0000
513 616 1.3168 8.0000
513 617 1.4007 8.0000
514 517 0.9984 8.0000
514 518 0.8620 8.0000
514 519 1.2515 8.0000
514 520 1.2574 8.0000
514 600 1.4747 8.0000
514 602 1.2751 8.0000
514 604 1.1219 8.0000
514 605 1.4487 8.0000
514 606 0.9998 8.0000
514 607 1.4759 8.0000
514 608 0.9045 8.0000
514 609 1.3407 8.0000
514 610 0.8585 8.0000
514 611 1.1943 8.0000
514 612 0.9083 8.0000
514 613 1.1012 8.0000
514 614 1.0825 8.0000
514 615 1.3269 8.0000
514 616 1.3630 8.0000
515 518 0.9122 8.0000
515 520 1.3344 8.0000
515 606 1.4375 8.0000
515 608 1.3407 8.0000
515 610 1.2456 8.0000
515 611 1.3965 8.0000
515 612 1.2245 8.0000
515 613 1.2021 8.0000
515 614 1.3509 8.0000
515 615 1.3749 8.0000
516 519 0.8308 8.0000
516 520 0.8620 8.0000
516 521 1.3201 8.0000
516 522 1.2574 8.0000
516 598 1.4747 8.0000
516 600 1.2752 8.0000
516 602 1.1219 8.0000
516 603 1.4601 8.0000
516 604 0.9998 8.0000
516 605 1.3548 8.0000
516 606 0.9045 8.0000
516 607 1.3502 8.0000
516 608 0.8586 8.0000
516 609 1.2456 8.0000
516 610 0.9083 8.0000
516 611 1.1808 8.0000
516 612 1.0825 8.0000
516 613 1.2353 8.0000
516 614 1.3630 8.0000
517 520 0.9206 8.0000
517 522 1.3470 8.0000
517 604 1.4758 8.0000
517 606 1.3502 8.0000
517 608 1.2289 8.0000
517 609 1.3718 8.0000
517 610 1.1946 8.0000
517 611 1.2043 8.0000
517 612 1.3268 8.0000
517 613 1.2971 8.0000
518 521 0.8942 8.0000
518 522 0.8620 8.0000
518 523 1.3611 8.0000
518 524 1.2574 8.0000
518 596 1.4747 8.0000
518 598 1.2752 8.0000
518 600 1.1219 8.0000
518 602 0.9998 8.0000
518 603 1.3869 8.0000
518 604 0.9045 8.0000
518 605 1.2361 8.0000
518 606 0.8586 8.0000
518 607 1.2290 8.0000
518 608 0.9083 8.0000
518 609 1.2245 8.0000
518 610 1.0825 8.0000
518 611 1.3169 8.0000
518 612 1.3630 8.0000
519 522 0.8879 8.0000
519 524 1.3195 8.0000
519 600 1.4487 8.0000
519 602 1.3548 8.0000
519 604 1.2360 8.0000
519 605 1.4632 8.0000
519 606 1.1262 8.0000
519 607 1.2718 8.0000
519 608 1.1011 8.0000
519 609 1.2022 8.0000
519 610 1.2353 8.0000
519 611 1.3141 8.0000
520 523 0.9356 8.0000
520 524 0.8620 8.0000
520 525 1.4133 8.0000
520 526 1.2574 8.0000
520 594 1.4747 8.0000
520 596 1.2751 8.0000
520 598 1.1220 8.0000
520 600 0.9998 8.0000
520 601 1.4375 8.0000
520 602 0.9045 8.0000
520 603 1.2872 8.0000
520 604 0.8585 8.0000
520 605 1.1262 8.0000
520 606 0.9083 8.0000
520 607 1.1946 8.0000
520 608 1.0825 8.0000
520 609 1.3509 8.0000
520 610 1.3630 8.0000
521 524 0.8786 8.0000
521 526 1.3044 8.0000
521 598 1.4601 8.0000
521 600 1.3870 8.0000
521 602 1.2873 8.0000
521 604 1.1943 8.0000
521 605 1.2896 8.0000
521 606 1.1808 8.0000
521 607 1.2043 8.0000
521 608 1.3168 8.0000
521 609 1.4007 8.0000
522 525 0.9984 8.0000
522 526 0.8620 8.0000
522 527 1.2515 8.0000
522 528 1.2574 8.0000
522 592 1.4747 8.0000
522 594 1.2752 8.0000
522 596 1.1219 8.0000
522 597 1.4486 8.0000
522 598 0.9998 8.0000
522 599 1.4758 8.0000
522 600 0.9044 8.0000
522 601 1.3407 8.0000
522 602 0.8586 8.0000
522 603 1.1942 8.0000
522 604 0.9083 8.0000
522 605 1.1011 8.0000
522 606 1.0825 8.0000
522 607 1.3268 8.0000
522 608 1.3630 8.0000
523 526 0.9123 8.0000
523 528 1.3345 8.0000
523 598 1.4376 8.0000
523 600 1.3408 8.0000
523 602 1.2457 8.0000
523 603 1.3965 8.0000
523 604 1.2245 8.0000
523 605 1.2021 8.0000
523 606 1.3509 8.0000
523 607 1.3749 8.0000
524 527 0.8309 8.0000
524 528 0.8620 8.0000
524 529 1.3201 8.0000
524 530 1.2574 8.0000
524 590 1.4747 8.0000
524 592 1.2751 8.0000
524 594 1.1219 8.0000
524 595 1.4601 8.0000
524 596 0.9997 8.0000
524 597 1.3547 8.0000
524 598 0.9045 8.0000
524 599 1.3502 8.0000
524 600 0.8586 8.0000
524 601 1.2456 8.0000
524 602 0.9084 8.0000
524 603 1.1808 8.0000
524 604 1.0825 8.0000
524 605 1.2353 8.0000
524 606 1.3630 8.0000
525 528 0.9207 8.0000
525 530 1.3470 8.0000
525 596 1.4759 8.0000
525 598 1.3502 8.0000
525 600 1.2290 8.0000
525 601 1.3718 8.0000
525 602 1.1946 8.0000
525 603 1.2043 8.0000
525 604 1.3268 8.0000
525 605 1.2972 8.0000
526 529 0.8942 8.0000
526 530 0.8620 8.0000
526 531 1.3610 8.0000
526 532 1.2574 8.0000
526 588 1.4747 8.0000
526 590 1.2752 8.0000
526 592 1.1219 8.0000
526 594 0.9998 8.0000
526 595 1.3869 8.0000
526 596 0.9045 8.0000
526 597 1.2360 8.0000
526 598 0.8586 8.0000
526 599 1.2289 8.0000
526 600 0.9083 8.0000
526 601 1.2245 8.0000
526 602 1.0825 8.0000
526 603 1.3168 8.0000
526 604 1.3630 8.0000
527 530 0.8879 8.0000
527 532 1.3196 8.0000
527 592 1.4487 8.0000
527 594 1.3548 8.0000
527 596 1.2361 8.0000
527 597 1.4632 8.0000
527 598 1.1262 8.0000
527 599 1.2718 8.0000
527 600 1.1012 8.0000
527 601 1.2022 8.0000
527 602 1.2353 8.0000
527 603 1.3141 8.0000
528 531 0.9354 8.0000
528 532 0.8620 8.0000
528 533 1.4133 8.0000
528 534 1.2574 8.0000
528 586 1.4747 8.0000
528 588 1.2752 8.0000
528 590 1.1219 8.0000
528 592 0.9998 8.0000
528 593 1.4375 8.0000
528 594 0.9045 8.0000
528 595 1.2872 8.0000
528 596 0.8586 8.0000
528 597 1.1261 8.0000
528 598 0.9084 8.0000
528 599 1.1945 8.0000
528 600 1.0825 8.0000
528 601 1.3508 8.0000
528 602 1.3630 8.0000
529 532 0.8786 8.0000
529 534 1.3043 8.0000
529 590 1.4600 8.0000
529 592 1.3869 8.0000
529 594 1.2872 8.0000
529 596 1.1943 8.0000
529 597 1.2895 8.0000
529 598 1.1807 8.0000
529 599 1.2042 8.0000
529 600 1.3168 8.0000
529 601 1.4006 8.0000
530 533 0.9984 8.0000
530 534 0.8620 8.0000
530 535 1.2516 8.0000
530 536 1.2574 8.0000
530 584 1.4747 8.0000
530 586 1.2752 8.0000
530 588 1.1220 8.0000
530 589 1.4487 8.0000
530 590 0.9998 8.0000
530 591 1.4759 8.0000
530 592 0.9045 8.0000
530 593 1.3407 8.0000
530 594 0.8586 8.0000
530 595 1.1943 8.0000
530 596 0.9084 8.0000
530 597 1.1011 8.0000
530 598 1.0825 8.0000
530 599 1.3268 8.0000
530 600 1.3630 8.0000
531 534 0.9121 8.0000
531 536 1.3344 8.0000
531 590 1.4374 8.0000
531 592 1.3406 8.0000
531 594 1.2455 8.0000
531 595 1.3964 8.0000
531 596 1.2245 8.0000
531 597 1.2021 8.0000
531 598 1.3508 8.0000
531 599 1.3749 8.0000
532 535 0.8308 8.0000
532 536 0.8620 8.0000
532 537 1.3201 8.0000
532 538 1.2574 8.0000
532 582 1.4747 8.0000
532 584 1.2752 8.0000
532 586 1.1219 8.0000
532 587 1.4601 8.0000
532 588 0.9998 8.0000
532 589 1.3548 8.0000
532 590 0.9044 8.0000
532 591 1.3502 8.0000
532 592 0.8586 8.0000
532 593 1.2456 8.0000
532 594 0.9083 8.0000
532 595 1.1808 8.0000
532 596 1.0825 8.0000
532 597 1.2353 8.0000
532 598 1.3630 8.0000
533 536 0.9207 8.0000
533 538 1.3470 8.0000
533 588 1.4759 8.0000
533 590 1.3502 8.0000
533 592 1.2290 8.0000
533 593 1.3719 8.0000
533 594 1.1946 8.0000
533 595 1.2043 8.0000
533 596 1.3269 8.0000
533 597 1.2972 8.0000
534 537 0.8943 8.0000
534 538 0.8620 8.0000
534 539 1.3611 8.0000
534 540 1.2574 8.0000
534 580 1.4747 8.0000
534 582 1.2751 8.0000
534 584 1.1219 8.0000
534 586 0.9998 8.0000
534 587 1.3869 8.0000
534 588 0.9045 8.0000
534 589 1.2361 8.0000
534 590 0.8586 8.0000
534 591 1.2290 8.0000
534 592 0.9084 8.0000
534 593 1.2246 8.0000
534 594 1.0825 8.0000
534 595 1.3168 8.0000
534 596 1.3630 8.0000
535 538 0.8878 8.0000
535 540 1.3195 8.0000
535 584 1.4487 8.0000
535 586 1.3547 8.0000
535 588 1.2360 8.0000
535 589 1.4632 8.0000
535 590 1.1261 8.0000
535 591 1.2717 8.0000
535 592 1.1012 8.0000
535 593 1.2022 8.0000
535 594 1.2353 8.0000
535 595 1.3141 8.0000
536 539 0.9355 8.0000
536 540 0.8620 8.0000
536 541 1.4133 8.0000
536 542 1.2573 8.0000
536 578 1.4747 8.0000
536 580 1.2752 8.0000
536 582 1.1219 8.0000
536 584 0.9998 8.0000
536 585 1.4375 8.0000
536 586 0.9045 8.0000
536 587 1.2872 8.0000
536 588 0.8585 8.0000
536 589 1.1262 8.0000
536 590 0.9083 8.0000
536 591 1.1946 8.0000
536 592 1.0825 8.0000
536 593 1.3509 8.0000
536 594 1.3630 8.0000
537 540 0.8786 8.0000
537 542 1.3043 8.0000
537 582 1.4601 8.0000
537 584 1.3870 8.0000
537 586 1.2872 8.0000
537 588 1.1943 8.0000
537 589 1.2895 8.0000
537 590 1.1807 8.0000
537 591 1.2042 8.0000
537 592 1.3168 8.0000
537 593 1.4007 8.0000
538 541 0.9985 8.0000
538 542 0.8620 8.0000
538 543 1.2516 8.0000
538 544 1.2574 8.0000
538 576 1.4747 8.0000
538 578 1.2752 8.0000
538 580 1.1219 8.0000
538 581 1.4486 8.0000
538 582 0.9998 8.0000
538 583 1.4759 8.0000
538 584 0.9045 8.0000
538 585 1.3407 8.0000
538 586 0.8586 8.0000
538 587 1.1943 8.0000
538 588 0.9083 8.0000
538 589 1.1012 8.0000
538 590 1.0825 8.0000
538 591 1.3269 8.0000
538 592 1.3630 8.0000
539 542 0.9122 8.0000
539 544 1.3344 8.0000
539 582 1.4375 8.0000
539 584 1.3408 8.0000
539 586 1.2457 8.0000
539 587 1.3966 8.0000
539 588 1.2246 8.0000
539 589 1.2022 8.0000
539 590 1.3509 8.0000
539 591 1.3750 8.0000
540 543 0.8308 8.0000
540 544 0.8620 8.0000
540 545 1.3201 8.0000
540 546 1.2574 8.0000
540 574 1.4747 8.0000
540 576 1.2751 8.0000
540 578 1.1219 8.0000
540 579 1.4601 8.0000
540 580 0.9998 8.0000
540 581 1.3547 8.0000
540 582 0.9045 8.0000
540 583 1.3501 8.0000
540 584 0.8586 8.0000
540 585 1.2456 8.0000
540 586 0.9083 8.0000
540 587 1.1807 8.0000
540 588 1.0825 8.0000
540 589 1.2353 8.0000
540 590 1.3630 8.0000
541 544 0.9207 8.0000
541 546 1.3470 8.0000
541 580 1.4758 8.0000
541 582 1.3502 8.0000
541 584 1.2290 8.0000
541 585 1.3718 8.0000
541 586 1.1946 8.0000
541 587 1.2043 8.0000
541 588 1.3268 8.0000
541 589 1.2971 8.0000
542 545 0.8943 8.0000
542 546 0.8620 8.0000
542 547 1.3610 8.0000
542 548 1.2574 8.0000
542 572 1.4747 8.0000
542 574 1.2751 8.0000
542 576 1.1219 8.0000
542 578 0.9997 8.0000
542 579 1.3869 8.0000
542 580 0.9044 8.0000
542 581 1.2360 8.0000
542 582 0.8585 8.0000
542 583 1.2289 8.0000
542 584 0.9083 8.0000
542 585 1.2246 8.0000
542 586 1.0825 8.0000
542 587 1.3168 8.0000
542 588 1.3630 8.0000
543 546 0.8878 8.0000
543 548 1.3196 8.0000
543 576 1.4487 8.0000
543 578 1.3548 8.0000
543 580 1.2360 8.0000
543 581 1.4632 8.0000
543 582 1.1262 8.0000
543 583 1.2717 8.0000
543 584 1.1012 8.0000
543 585 1.2022 8.0000
543 586 1.2353 8.0000
543 587 1.3141 8.0000
544 547 0.9355 8.0000
544 548 0.8620 8.0000
544 549 1.4133 8.0000
544 550 1.2573 8.0000
544 570 1.4747 8.0000
544 572 1.2752 8.0000
544 574 1.1219 8.0000
544 576 0.9997 8.0000
544 577 1.4375 8.0000
544 578 0.9044 8.0000
544 579 1.2872 8.0000
544 580 0.8585 8.0000
544 581 1.1261 8.0000
544 582 0.9083 8.0000
544 583 1.1945 8.0000
544 584 1.0825 8.0000
544 585 1.3509 8.0000
544 586 1.3630 8.0000
545 548 0.8786 8.0000
545 550 1.3043 8.0000
545 574 1.4601 8.0000
545 576 1.3869 8.0000
545 578 1.2872 8.0000
545 580 1.1942 8.0000
545 581 1.2895 8.0000
545 582 1.1807 8.0000
545 583 1.2042 8.0000
545 584 1.3168 8.0000
545 585 1.4007 8.0000
546 549 0.9985 8.0000
546 550 0.8620 8.0000
546 551 1.2516 8.0000
546 552 1.2574 8.0000
546 568 1.4747 8.0000
546 570 1.2752 8.0000
546 572 1.1220 8.0000
546 573 1.4487 8.0000
546 574 0.9998 8.0000
546 575 1.4759 8.0000
546 576 0.9045 8.0000
546 577 1.3407 8.0000
546 578 0.8586 8.0000
546 579 1.1943 8.0000
546 580 0.9083 8.0000
546 581 1.1011 8.0000
546 582 1.0825 8.0000
546 583 1.3268 8.0000
546 584 1.3630 8.0000
547 550 0.9121 8.0000
547 552 1.3344 8.0000
547 574 1.4374 8.0000
547 576 1.3406 8.0000
547 578 1.2455 8.0000
547 579 1.3964 8.0000
547 580 1.2244 8.0000
547 581 1.2021 8.0000
547 582 1.3508 8.0000
547 583 1.3749 8.0000
548 551 0.8308 8.0000
548 552 0.8620 8.0000
548 553 1.3201 8.0000
548 554 1.2574 8.0000
548 566 1.4747 8.0000
548 568 1.2751 8.0000
548 570 1.1219 8.0000
548 571 1.4601 8.0000
548 572 0.9998 8.0000
548 573 1.3547 8.0000
548 574 0.9044 8.0000
548 575 1.3501 8.0000
548 576 0.8585 8.0000
548 577 1.2456 8.0000
548 578 0.9083 8.0000
548 579 1.1807 8.0000
548 580 1.0825 8.0000
548 581 1.2353 8.0000
548 582 1.3630 8.0000
549 552 0.9207 8.0000
549 554 1.3470 8.0000
549 572 1.4759 8.0000
549 574 1.3501 8.0000
549 576 1.2289 8.0000
549 577 1.3718 8.0000
549 578 1.1945 8.0000
549 579 1.2042 8.0000
549 580 1.3268 8.0000
549 581 1.2972 8.0000
550 553 0.8943 8.0000
550 554 0.8620 8.0000
550 555 1.3611 8.0000
550 556 1.2574 8.0000
550 564 1.4747 8.0000
550 566 1.2751 8.0000
550 568 1.1219 8.0000
550 570 0.9997 8.0000
550 571 1.3869 8.0000
550 572 0.9045 8.0000
550 573 1.2360 8.0000
550 574 0.8585 8.0000
550 575 1.2289 8.0000
550 576 0.9083 8.0000
550 577 1.2246 8.0000
550 578 1.0825 8.0000
550 579 1.3168 8.0000
550 580 1.3630 8.0000
551 554 0.8879 8.0000
551 556 1.3195 8.0000
551 568 1.4487 8.0000
551 570 1.3548 8.0000
551 572 1.2361 8.0000
551 573 1.4632 8.0000
551 574 1.1261 8.0000
551 575 1.2717 8.0000
551 576 1.1012 8.0000
551 577 1.2022 8.0000
551 578 1.2353 8.0000
551 579 1.3141 8.0000
552 555 0.9355 8.0000
552 556 0.8620 8.0000
552 557 1.4132 8.0000
552 558 1.2573 8.0000
552 564 1.2752 8.0000
552 566 1.1219 8.0000
552 568 0.9997 8.0000
552 569 1.4374 8.0000
552 570 0.9044 8.0000
552 571 1.2872 8.0000
552 572 0.8586 8.0000
552 573 1.1261 8.0000
552 574 0.9083 8.0000
552 575 1.1945 8.0000
552 576 1.0825 8.0000
552 577 1.3509 8.0000
552 578 1.3630 8.0000
553 556 0.8786 8.0000
553 558 1.3043 8.0000
553 566 1.4601 8.0000
553 568 1.3869 8.0000
553 570 1.2872 8.0000
553 572 1.1943 8.0000
553 573 1.2895 8.0000
553 574 1.1807 8.0000
553 575 1.2042 8.0000
553 576 1.3168 8.0000
553 577 1.4007 8.0000
554 557 0.9984 8.0000
554 558 0.8620 8.0000
554 559 1.3134 8.0000
554 560 1.3356 8.0000
554 562 1.3523 8.0000
554 564 1.1219 8.0000
554 565 1.4487 8.0000
554 566 0.9998 8.0000
554 567 1.4758 8.0000
554 568 0.9044 8.0000
554 569 1.3406 8.0000
554 570 0.8585 8.0000
554 571 1.1942 8.0000
554 572 0.9083 8.0000
554 573 1.1011 8.0000
554 574 1.0825 8.0000
554 575 1.3268 8.0000
554 576 1.3630 8.0000
555 558 0.9121 8.0000
555 560 1.3953 8.0000
555 566 1.4374 8.0000
555 568 1.3407 8.0000
555 570 1.2456 8.0000
555 571 1.3965 8.0000
555 572 1.2246 8.0000
555 573 1.2022 8.0000
555 574 1.3509 8.0000
555 575 1.3750 8.0000
556 559 0.8856 8.0000
556 560 0.9387 8.0000
556 562 1.1819 8.0000
556 563 1.4601 8.0000
556 564 0.9998 8.0000
556 565 1.3547 8.0000
556 566 0.9045 8.0000
556 567 1.3502 8.0000
556 568 0.8585 8.0000
556 569 1.2456 8.0000
556 570 0.9083 8.0000
556 571 1.1807 8.0000
556 572 1.0825 8.0000
556 573 1.2353 8.0000
556 574 1.3630 8.0000
557 560 0.9774 8.0000
557 564 1.4759 8.0000
557 566 1.3501 8.0000
557 568 1.2289 8.0000
557 569 1.3717 8.0000
557 570 1.1945 8.0000
557 571 1.2042 8.0000
557 572 1.3268 8.0000
557 573 1.2971 8.0000
558 562 1.0359 8.0000
558 563 1.3870 8.0000
558 564 0.9045 8.0000
558 565 1.2361 8.0000
558 566 0.8586 8.0000
558 567 1.2290 8.0000
558 568 0.9083 8.0000
558 569 1.2245 8.0000
558 570 1.0825 8.0000
558 571 1.3168 8.0000
558 572 1.3630 8.0000
559 562 1.3547 8.0000
559 564 1.2479 8.0000
559 565 1.4802 8.0000
559 566 1.1672 8.0000
559 567 1.3198 8.0000
559 568 1.1710 8.0000
559 569 1.2807 8.0000
559 570 1.3226 8.0000
559 571 1.4085 8.0000
560 562 0.9045 8.0000
560 563 1.3037 8.0000
560 564 0.9004 8.0000
560 565 1.1672 8.0000
560 566 0.9815 8.0000
560 567 1.2633 8.0000
560 568 1.1725 8.0000
560 569 1.4366 8.0000
560 570 1.4578 8.0000
561 564 0.9663 8.0000
561 566 1.3954 8.0000
562 565 0.8856 8.0000
562 566 0.9387 8.0000
562 567 1.4717 8.0000
562 568 1.3355 8.0000
563 566 0.8786 8.0000
563 568 1.3043 8.0000
564 567 0.9985 8.0000
564 568 0.8620 8.0000
564 569 1.3611 8.0000
564 570 1.2574 8.0000
565 568 0.8878 8.0000
565 570 1.3195 8.0000
566 569 0.9355 8.0000
566 570 0.8620 8.0000
566 571 1.3201 8.0000
566 572 1.2574 8.0000
567 570 0.9207 8.0000
567 572 1.3470 8.0000
568 571 0.8943 8.0000
568 572 0.8620 8.0000
568 573 1.2516 8.0000
568 574 1.2574 8.0000
569 572 0.9121 8.0000
569 574 1.3344 8.0000
570 573 0.8308 8.0000
570 574 0.8620 8.0000
570 575 1.4133 8.0000
570 576 1.2573 8.0000
571 574 0.8786 8.0000
571 576 1.3043 8.0000
572 575 0.9985 8.0000
572 576 0.8620 8.0000
572 577 1.3611 8.0000
572 578 1.2574 8.0000
573 576 0.8878 8.0000
573 578 1.3196 8.0000
574 577 0.9355 8.0000
574 578 0.8620 8.0000
574 579 1.3201 8.0000
574 580 1.2574 8.0000
575 578 0.9207 8.0000
575 580 1.3470 8.0000
576 579 0.8943 8.0000
576 580 0.8620 8.0000
576 581 1.2515 8.0000
576 582 1.2574 8.0000
577 580 0.9122 8.0000
577 582 1.3343 8.0000
578 581 0.8308 8.0000
578 582 0.8620 8.0000
578 583 1.4132 8.0000
578 584 1.2573 8.0000
579 582 0.8786 8.0000
579 584 1.3043 8.0000
580 583 0.9984 8.0000
580 584 0.8620 8.0000
580 585 1.3611 8.0000
580 586 1.2573 8.0000
581 584 0.8878 8.0000
581 586 1.3195 8.0000
582 585 0.9356 8.0000
582 586 0.8620 8.0000
582 587 1.3201 8.0000
582 588 1.2574 8.0000
583 586 0.9206 8.0000
583 588 1.3470 8.0000
584 587 0.8942 8.0000
584 588 0.8620 8.0000
584 589 1.2516 8.0000
584 590 1.2574 8.0000
585 588 0.9121 8.0000
585 590 1.3344 8.0000
586 589 0.8309 8.0000
586 590 0.8620 8.0000
586 591 1.4133 8.0000
586 592 1.2574 8.0000
587 590 0.8786 8.0000
587 592 1.3043 8.0000
588 591 0.9985 8.0000
588 592 0.8620 8.0000
588 593 1.3611 8.0000
588 594 1.2574 8.0000
589 592 0.8878 8.0000
589 594 1.3196 8.0000
590 593 0.9355 8.0000
590 594 0.8620 8.0000
590 595 1.3201 8.0000
590 596 1.2573 8.0000
591 594 0.9207 8.0000
591 596 1.3470 8.0000
592 595 0.8942 8.0000
592 596 0.8620 8.0000
592 597 1.2516 8.0000
592 598 1.2574 8.0000
593 596 0.9121 8.0000
593 598 1.3343 8.0000
594 597 0.8308 8.0000
594 598 0.8620 8.0000
594 599 1.4132 8.0000
594 600 1.2574 8.0000
595 598 0.8786 8.0000
595 600 1.3043 8.0000
596 599 0.9985 8.0000
596 600 0.8620 8.0000
596 601 1.3611 8.0000
596 602 1.2574 8.0000
597 600 0.8878 8.0000
597 602 1.3195 8.0000
598 601 0.9355 8.0000
598 602 0.8620 8.0000
598 603 1.3201 8.0000
598 604 1.2574 8.0000
599 602 0.9206 8.0000
599 604 1.3470 8.0000
600 603 0.8942 8.0000
600 604 0.8620 8.0000
600 605 1.2516 8.0000
600 606 1.2574 8.0000
601 604 0.9122 8.0000
601 606 1.3344 8.0000
602 605 0.8309 8.0000
602 606 0.8620 8.0000
602 607 1.4133 8.0000
602 608 1.2574 8.0000
603 606 0.8786 8.0000
603 608 1.3043 8.0000
604 607 0.9984 8.0000
604 608 0.8620 8.0000
604 609 1.3611 8.0000
604 610 1.2573 8.0000
605 608 0.8879 8.0000
605 610 1.3195 8.0000
606 609 0.9356 8.0000
606 610 0.8620 8.0000
606 611 1.3201 8.0000
606 612 1.2574 8.0000
607 610 0.9207 8.0000
607 612 1.3470 8.0000
608 611 0.8942 8.0000
608 612 0.8620 8.0000
608 613 1.2515 8.0000
608 614 1.2574 8.0000
609 612 0.9121 8.0000
609 614 1.3343 8.0000
610 613 0.8308 8.0000
610 614 0.8620 8.0000
610 615 1.4133 8.0000
610 616 1.2574 8.0000
611 614 0.8786 8.0000
611 616 1.3044 8.0000
612 615 0.9985 8.0000
612 616 0.8620 8.0000
612 617 1.3611 8.0000
612 618 1.2573 8.0000
613 616 0.8879 8.0000
613 618 1.3195 8.0000
614 617 0.9356 8.0000
614 618 0.8620 8.0000
614 619 1.3202 8.0000
614 620 1.2574 8.0000
615 618 0.9207 8.0000
615 620 1.3471 8.0000
616 619 0.8942 8.0000
616 620 0.8620 8.0000
616 621 1.2515 8.0000
616 622 1.2574 8.0000
617 620 0.9121 8.0000
617 622 1.3343 8.0000
618 621 0.8308 8.0000
618 622 0.8620 8.0000
618 623 1.4133 8.0000
618 624 1.2574 8.0000
619 622 0.8786 8.0000
619 624 1.3043 8.0000
620 623 0.9984 8.0000
620 624 0.8620 8.0000
620 625 1.3610 8.0000
620 626 1.2573 8.0000
621 624 0.8879 8.0000
621 626 1.3195 8.0000
622 625 0.9355 8.0000
622 626 0.8620 8.0000
622 627 1.3201 8.0000
622 628 1.2573 8.0000
623 626 0.9207 8.0000
623 628 1.3470 8.0000
624 627 0.8942 8.0000
624 628 0.8620 8.0000
624 629 1.2515 8.0000
624 630 1.2574 8.0000
625 628 0.9122 8.0000
625 630 1.3344 8.0000
626 629 0.8308 8.0000
626 630 0.8620 8.0000
626 631 1.4133 8.0000
626 632 1.2574 8.0000
627 630 0.8786 8.0000
627 632 1.3043 8.0000
628 631 0.9985 8.0000
628 632 0.8620 8.0000
628 633 1.3611 8.0000
628 634 1.2574 8.0000
629 632 0.8879 8.0000
629 634 1.3195 8.0000
630 633 0.9356 8.0000
630 634 0.8620 8.0000
630 635 1.3201 8.0000
630 636 1.2574 8.0000
631 634 0.9206 8.0000
631 636 1.3470 8.0000
632 635 0.8942 8.0000
632 636 0.8620 8.0000
632 637 1.2515 8.0000
632 638 1.2574 8.0000
633 636 0.9123 8.0000
633 638 1.3345 8.0000
634 637 0.8309 8.0000
634 638 0.8620 8.0000
634 639 1.4133 8.0000
634 640 1.2574 8.0000
635 638 0.8786 8.0000
635 640 1.3043 8.0000
636 639 0.9984 8.0000
636 640 0.8620 8.0000
636 641 1.3610 8.0000
636 642 1.2574 8.0000
637 640 0.8879 8.0000
637 642 1.3196 8.0000
638 641 0.9354 8.0000
638 642 0.8620 8.0000
638 643 1.3201 8.0000
638 644 1.2574 8.0000
639 642 0.9206 8.0000
639 644 1.3470 8.0000
640 643 0.8942 8.0000
640 644 0.8620 8.0000
640 645 1.2516 8.0000
640 646 1.2574 8.0000
641 644 0.9121 8.0000
641 646 1.3344 8.0000
642 645 0.8308 8.0000
642 646 0.8620 8.0000
642 647 1.4133 8.0000
642 648 1.2574 8.0000
643 646 0.8786 8.0000
643 648 1.3043 8.0000
644 647 0.9985 8.0000
644 648 0.8620 8.0000
644 649 1.3611 8.0000
644 650 1.2574 8.0000
645 648 0.8878 8.0000
645 650 1.3195 8.0000
646 649 0.9355 8.0000
646 650 0.8620 8.0000
646 651 1.3201 8.0000
646 652 1.2573 8.0000
647 650 0.9207 8.0000
647 652 1.3470 8.0000
648 651 0.8942 8.0000
648 652 0.8620 8.0000
648 653 1.2516 8.0000
648 654 1.2574 8.0000
649 652 0.9122 8.0000
649 654 1.3344 8.0000
650 653 0.8308 8.0000
650 654 0.8620 8.0000
650 655 1.4133 8.0000
650 656 1.2574 8.0000
651 654 0.8787 8.0000
651 656 1.3043 8.0000
652 655 0.9985 8.0000
652 656 0.8620 8.0000
652 657 1.3611 8.0000
652 658 1.2574 8.0000
653 656 0.8878 8.0000
653 658 1.3196 8.0000
654 657 0.9355 8.0000
654 658 0.8620 8.0000
654 659 1.3201 8.0000
654 660 1.2573 8.0000
655 658 0.9207 8.0000
655 660 1.3470 8.0000
656 659 0.8943 8.0000
656 660 0.8620 8.0000
656 661 1.2516 8.0000
656 662 1.2574 8.0000
657 660 0.9121 8.0000
657 662 1.3343 8.0000
658 661 0.8308 8.0000
658 662 0.8620 8.0000
658 663 1.4132 8.0000
658 664 1.2574 8.0000
659 662 0.8787 8.0000
659 664 1.3044 8.0000
660 663 0.9985 8.0000
660 664 0.8620 8.0000
660 665 1.3610 8.0000
660 666 1.2574 8.0000
661 664 0.8879 8.0000
661 666 1.3195 8.0000
662 665 0.9354 8.0000
662 666 0.8620 8.0000
662 667 1.3200 8.0000
662 668 1.2573 8.0000
663 666 0.9207 8.0000
663 668 1.3470 8.0000
664 667 0.8941 8.0000
664 668 0.8620 8.0000
664 669 1.2515 8.0000
664 670 1.2573 8.0000
665 668 0.9121 8.0000
665 670 1.3344 8.0000
666 669 0.8308 8.0000
666 670 0.8620 8.0000
666 671 1.4133 8.0000
666 672 1.2574 8.0000
667 670 0.8786 8.0000
667 672 1.3043 8.0000
668 671 0.9985 8.0000
668 672 0.8620 8.0000
668 673 1.3611 8.0000
668 674 1.2574 8.0000
669 672 0.8878 8.0000
669 674 1.3195 8.0000
670 673 0.9356 8.0000
670 674 0.8620 8.0000
670 675 1.3202 8.0000
670 676 1.2574 8.0000
671 674 0.9207 8.0000
671 676 1.3469 8.0000
672 675 0.8943 8.0000
672 676 0.8620 8.0000
672 677 1.2516 8.0000
672 678 1.2574 8.0000
673 676 0.9121 8.0000
673 678 1.3344 8.0000
674 677 0.8308 8.0000
674 678 0.8620 8.0000
674 679 1.4133 8.0000
674 680 1.2574 8.0000
675 678 0.8787 8.0000
675 680 1.3044 8.0000
676 679 0.9985 8.0000
676 680 0.8620 8.0000
676 681 1.3610 8.0000
676 682 1.2574 8.0000
677 680 0.8879 8.0000
677 682 1.3196 8.0000
678 681 0.9354 8.0000
678 682 0.8620 8.0000
678 683 1.3200 8.0000
678 684 1.2574 8.0000
679 682 0.9207 8.0000
679 684 1.3470 8.0000
680 683 0.8942 8.0000
680 684 0.8620 8.0000
680 685 1.2516 8.0000
680 686 1.2574 8.0000
681 684 0.9122 8.0000
681 686 1.3344 8.0000
682 685 0.8308 8.0000
682 686 0.8620 8.0000
682 687 1.4133 8.0000
682 688 1.2574 8.0000
683 686 0.8786 8.0000
683 688 1.3043 8.0000
684 687 0.9985 8.0000
684 688 0.8620 8.0000
684 689 1.3611 8.0000
684 690 1.2574 8.0000
685 688 0.8879 8.0000
685 690 1.3195 8.0000
686 689 0.9356 8.0000
686 690 0.8620 8.0000
686 691 1.3202 8.0000
686 692 1.2574 8.0000
687 690 0.9207 8.0000
687 692 1.3470 8.0000
688 691 0.8943 8.0000
688 692 0.8620 8.0000
688 693 1.2516 8.0000
688 694 1.2573 8.0000
689 692 0.9122 8.0000
689 694 1.3344 8.0000
690 693 0.8309 8.0000
690 694 0.8620 8.0000
690 695 1.4133 8.0000
690 696 1.2574 8.0000
691 694 0.8786 8.0000
691 696 1.3043 8.0000
692 695 0.9984 8.0000
692 696 0.8620 8.0000
692 697 1.3611 8.0000
692 698 1.2574 8.0000
693 696 0.8879 8.0000
693 698 1.3195 8.0000
694 697 0.9356 8.0000
694 698 0.8620 8.0000
694 699 1.3201 8.0000
694 700 1.2574 8.0000
695 698 0.9206 8.0000
695 700 1.3470 8.0000
696 699 0.8942 8.0000
696 700 0.8620 8.0000
696 701 1.2516 8.0000
696 702 1.2573 8.0000
697 700 0.9122 8.0000
697 702 1.3344 8.0000
698 701 0.8309 8.0000
698 702 0.8620 8.0000
698 703 1.4133 8.0000
698 704 1.2574 8.0000
699 702 0.8786 8.0000
699 704 1.3044 8.0000
700 703 0.9984 8.0000
700 704 0.8620 8.0000
700 705 1.3611 8.0000
700 706 1.2574 8.0000
701 704 0.8879 8.0000
701 706 1.3196 8.0000
702 705 0.9356 8.0000
702 706 0.8620 8.0000
702 707 1.3201 8.0000
702 708 1.2574 8.0000
703 706 0.9207 8.0000
703 708 1.3470 8.0000
704 707 0.8942 8.0000
704 708 0.8620 8.0000
704 709 1.2515 8.0000
704 710 1.2573 8.0000
705 708 0.9121 8.0000
705 710 1.3343 8.0000
706 709 0.8308 8.0000
706 710 0.8620 8.0000
706 711 1.4132 8.0000
706 712 1.2573 8.0000
707 710 0.8786 8.0000
707 712 1.3043 8.0000
708 711 0.9984 8.0000
708 712 0.8620 8.0000
708 713 1.3611 8.0000
708 714 1.2574 8.0000
709 712 0.8878 8.0000
709 714 1.3195 8.0000
710 713 0.9356 8.0000
710 714 0.8620 8.0000
710 715 1.3201 8.0000
710 716 1.2574 8.0000
711 714 0.9206 8.0000
711 716 1.3470 8.0000
712 715 0.8942 8.0000
712 716 0.8620 8.0000
712 717 1.2516 8.0000
712 718 1.2574 8.0000
713 716 0.9121 8.0000
713 718 1.3343 8.0000
714 717 0.8309 8.0000
714 718 0.8620 8.0000
714 719 1.4133 8.0000
714 720 1.2574 8.0000
715 718 0.8786 8.0000
715 720 1.3044 8.0000
716 719 0.9984 8.0000
716 720 0.8620 8.0000
716 721 1.3611 8.0000
716 722 1.2573 8.0000
717 720 0.8879 8.0000
717 722 1.3195 8.0000
718 721 0.9356 8.0000
718 722 0.8620 8.0000
718 723 1.3201 8.0000
718 724 1.2574 8.0000
719 722 0.9206 8.0000
719 724 1.3470 8.0000
720 723 0.8942 8.0000
720 724 0.8620 8.0000
720 725 1.2515 8.0000
720 726 1.2574 8.0000
721 724 0.9121 8.0000
721 726 1.3343 8.0000
722 725 0.8309 8.0000
722 726 0.8620 8.0000
722 727 1.4133 8.0000
722 728 1.2574 8.0000
723 726 0.8786 8.0000
723 728 1.3043 8.0000
724 727 0.9984 8.0000
724 728 0.8620 8.0000
724 729 1.3611 8.0000
724 730 1.2574 8.0000
725 728 0.8878 8.0000
725 730 1.3195 8.0000
726 729 0.9355 8.0000
726 730 0.8620 8.0000
726 731 1.3201 8.0000
726 732 1.2574 8.0000
727 730 0.9207 8.0000
727 732 1.3470 8.0000
728 731 0.8943 8.0000
728 732 0.8620 8.0000
728 733 1.2516 8.0000
728 734 1.2574 8.0000
729 732 0.9122 8.0000
729 734 1.3344 8.0000
730 733 0.8308 8.0000
730 734 0.8620 8.0000
730 735 1.4133 8.0000
730 736 1.2573 8.0000
731 734 0.8786 8.0000
731 736 1.3043 8.0000
732 735 0.9985 8.0000
732 736 0.8620 8.0000
732 737 1.3610 8.0000
732 738 1.2574 8.0000
733 736 0.8879 8.0000
733 738 1.3195 8.0000
734 737 0.9355 8.0000
734 738 0.8620 8.0000
734 739 1.3201 8.0000
734 740 1.2574 8.0000
735 738 0.9207 8.0000
735 740 1.3470 8.0000
736 739 0.8943 8.0000
736 740 0.8620 8.0000
736 741 1.2516 8.0000
736 742 1.2574 8.0000
737 740 0.9121 8.0000
737 742 1.3344 8.0000
738 741 0.8308 8.0000
738 742 0.8620 8.0000
738 743 1.4133 8.0000
738 744 1.2573 8.0000
739 742 0.8786 8.0000
739 744 1.3043 8.0000
740 743 0.9985 8.0000
740 744 0.8620 8.0000
740 745 1.3611 8.0000
740 746 1.2574 8.0000
741 744 0.8878 8.0000
741 746 1.3196 8.0000
742 745 0.9355 8.0000
742 746 0.8620 8.0000
742 747 1.3201 8.0000
742 748 1.2574 8.0000
743 746 0.9207 8.0000
743 748 1.3470 8.0000
744 747 0.8943 8.0000
744 748 0.8620 8.0000
744 749 1.2515 8.0000
744 750 1.2574 8.0000
745 748 0.9122 8.0000
745 750 1.3343 8.0000
746 749 0.8308 8.0000
746 750 0.8620 8.0000
746 751 1.4132 8.0000
746 752 1.2573 8.0000
747 750 0.8786 8.0000
747 752 1.3043 8.0000
748 751 0.9984 8.0000
748 752 0.8620 8.0000
748 753 1.3611 8.0000
748 754 1.2573 8.0000
749 752 0.8878 8.0000
749 754 1.3195 8.0000
750 753 0.9356 8.0000
750 754 0.8620 8.0000
750 755 1.3201 8.0000
750 756 1.2574 8.0000
751 754 0.9206 8.0000
751 756 1.3470 8.0000
752 755 0.8942 8.0000
752 756 0.8620 8.0000
752 757 1.2516 8.0000
752 758 1.2574 8.0000
753 756 0.9121 8.0000
753 758 1.3344 8.0000
754 757 0.8309 8.0000
754 758 0.8620 8.0000
754 759 1.4133 8.0000
754 760 1.2574 8.0000
755 758 0.8786 8.0000
755 760 1.3043 8.0000
756 759 0.9985 8.0000
756 760 0.8620 8.0000
756 761 1.3610 8.0000
756 762 1.2574 8.0000
757 760 0.8878 8.0000
757 762 1.3196 8.0000
758 761 0.9355 8.0000
758 762 0.8620 8.0000
758 763 1.3201 8.0000
758 764 1.2573 8.0000
759 762 0.9207 8.0000
759 764 1.3470 8.0000
760 763 0.8942 8.0000
760 764 0.8620 8.0000
760 765 1.2516 8.0000
760 766 1.2574 8.0000
761 764 0.9121 8.0000
761 766 1.3344 8.0000
762 765 0.8308 8.0000
762 766 0.8620 8.0000
762 767 1.4132 8.0000
762 768 1.2574 8.0000
763 766 0.8786 8.0000
763 768 1.3043 8.0000
764 767 0.9985 8.0000
764 768 0.8620 8.0000
764 769 1.3610 8.0000
764 770 1.2574 8.0000
765 768 0.8878 8.0000
765 770 1.3195 8.0000
766 769 0.9355 8.0000
766 770 0.8620 8.0000
766 771 1.3201 8.0000
766 772 1.2574 8.0000
767 770 0.9206 8.0000
767 772 1.3470 8.0000
768 771 0.8942 8.0000
768 772 0.8620 8.0000
768 773 1.2516 8.0000
768 774 1.2574 8.0000
769 772 0.9122 8.0000
769 774 1.3344 8.0000
770 773 0.8309 8.0000
770 774 0.8620 8.0000
770 775 1.4133 8.0000
770 776 1.2574 8.0000
771 774 0.8786 8.0000
771 776 1.3043 8.0000
772 775 0.9984 8.0000
772 776 0.8620 8.0000
772 777 1.3611 8.0000
772 778 1.2573 8.0000
773 776 0.8879 8.0000
773 778 1.3195 8.0000
774 777 0.9356 8.0000
774 778 0.8620 8.0000
774 779 1.3201 8.0000
774 780 1.2574 8.0000
775 778 0.9207 8.0000
775 780 1.3470 8.0000
776 779 0.8942 8.0000
776 780 0.8620 8.0000
776 781 1.2516 8.0000
776 782 1.2574 8.0000
777 780 0.9121 8.0000
777 782 1.3343 8.0000
778 781 0.8308 8.0000
778 782 0.8620 8.0000
778 783 1.4133 8.0000
778 784 1.2574 8.0000
779 782 0.8786 8.0000
779 784 1.3044 8.0000
780 783 0.9985 8.0000
780 784 0.8620 8.0000
780 785 1.3611 8.0000
780 786 1.2573 8.0000
781 784 0.8879 8.0000
781 786 1.3195 8.0000
782 785 0.9356 8.0000
782 786 0.8620 8.0000
782 787 1.3202 8.0000
782 788 1.2574 8.0000
783 786 0.9207 8.0000
783 788 1.3471 8.0000
784 787 0.8942 8.0000
784 788 0.8620 8.0000
784 789 1.2515 8.0000
784 790 1.2574 8.0000
785 788 0.9121 8.0000
785 790 1.3343 8.0000
786 789 0.8308 8.0000
786 790 0.8620 8.0000
786 791 1.4133 8.0000
786 792 1.2574 8.0000
787 790 0.8786 8.0000
787 792 1.3043 8.0000
788 791 0.9984 8.0000
788 792 0.8620 8.0000
788 793 1.3611 8.0000
788 794 1.2573 8.0000
789 792 0.8879 8.0000
789 794 1.3195 8.0000
790 793 0.9356 8.0000
790 794 0.8620 8.0000
790 795 1.3201 8.0000
790 796 1.2573 8.0000
791 794 0.9207 8.0000
791 796 1.3470 8.0000
792 795 0.8942 8.0000
792 796 0.8620 8.0000
792 797 1.2515 8.0000
792 798 1.2574 8.0000
793 796 0.9121 8.0000
793 798 1.3344 8.0000
794 797 0.8308 8.0000
794 798 0.8620 8.0000
794 799 1.4133 8.0000
794 800 1.2574 8.0000
795 798 0.8786 8.0000
795 800 1.3043 8.0000
796 799 0.9985 8.0000
796 800 0.8620 8.0000
796 801 1.3611 8.0000
796 802 1.2574 8.0000
797 800 0.8879 8.0000
797 802 1.3195 8.0000
798 801 0.9356 8.0000
798 802 0.8620 8.0000
798 803 1.3201 8.0000
798 804 1.2574 8.0000
799 802 0.9206 8.0000
799 804 1.3470 8.0000
800 803 0.8942 8.0000
800 804 0.8620 8.0000
800 805 1.2516 8.0000
800 806 1.2574 8.0000
801 804 0.9123 8.0000
801 806 1.3345 8.0000
802 805 0.8309 8.0000
802 806 0.8620 8.0000
802 807 1.4133 8.0000
802 808 1.2574 8.0000
803 806 0.8786 8.0000
803 808 1.3043 8.0000
804 807 0.9984 8.0000
804 808 0.8620 8.0000
804 809 1.3610 8.0000
804 810 1.2574 8.0000
805 808 0.8879 8.0000
805 810 1.3196 8.0000
806 809 0.9354 8.0000
806 810 0.8620 8.0000
806 811 1.3201 8.0000
806 812 1.2574 8.0000
807 810 0.9206 8.0000
807 812 1.3470 8.0000
808 811 0.8942 8.0000
808 812 0.8620 8.0000
808 813 1.2516 8.0000
808 814 1.2574 8.0000
809 812 0.9121 8.0000
809 814 1.3344 8.0000
810 813 0.8308 8.0000
810 814 0.8620 8.0000
810 815 1.4133 8.0000
810 816 1.2574 8.0000
811 814 0.8786 8.0000
811 816 1.3043 8.0000
812 815 0.9985 8.0000
812 816 0.8620 8.0000
812 817 1.3611 8.0000
812 818 1.2574 8.0000
813 816 0.8878 8.0000
813 818 1.3195 8.0000
814 817 0.9355 8.0000
814 818 0.8620 8.0000
814 819 1.3201 8.0000
814 820 1.2573 8.0000
815 818 0.9207 8.0000
815 820 1.3470 8.0000
816 819 0.8942 8.0000
816 820 0.8620 8.0000
816 821 1.2516 8.0000
816 822 1.2574 8.0000
817 820 0.9122 8.0000
817 822 1.3344 8.0000
818 821 0.8308 8.0000
818 822 0.8620 8.0000
818 823 1.4133 8.0000
818 824 1.2574 8.0000
819 822 0.8787 8.0000
819 824 1.3043 8.0000
820 823 0.9985 8.0000
820 824 0.8620 8.0000
820 825 1.3611 8.0000
820 826 1.2574 8.0000
821 824 0.8878 8.0000
821 826 1.3196 8.0000
822 825 0.9355 8.0000
822 826 0.8620 8.0000
822 827 1.3201 8.0000
822 828 1.2573 8.0000
823 826 0.9207 8.0000
823 828 1.3470 8.0000
824 827 0.8943 8.0000
824 828 0.8620 8.0000
824 829 1.2516 8.0000
824 830 1.2574 8.0000
825 828 0.9121 8.0000
825 830 1.3343 8.0000
826 829 0.8308 8.0000
826 830 0.8620 8.0000
826 831 1.4132 8.0000
826 832 1.2574 8.0000
827 830 0.8787 8.0000
827 832 1.3044 8.0000
828 831 0.9985 8.0000
828 832 0.8620 8.0000
828 833 1.3611 8.0000
828 834 1.2574 8.0000
829 832 0.8879 8.0000
829 834 1.3195 8.0000
830 833 0.9355 8.0000
830 834 0.8620 8.0000
830 835 1.3200 8.0000
830 836 1.2573 8.0000
831 834 0.9207 8.0000
831 836 1.3470 8.0000
832 835 0.8941 8.0000
832 836 0.8620 8.0000
832 837 1.2515 8.0000
832 838 1.2573 8.0000
833 836 0.9121 8.0000
833 838 1.3343 8.0000
834 837 0.8308 8.0000
834 838 0.8620 8.0000
834 839 1.4133 8.0000
834 840 1.2574 8.0000
835 838 0.8786 8.0000
835 840 1.3043 8.0000
836 839 0.9985 8.0000
836 840 0.8620 8.0000
836 841 1.3611 8.0000
836 842 1.2574 8.0000
837 840 0.8878 8.0000
837 842 1.3195 8.0000
838 841 0.9356 8.0000
838 842 0.8620 8.0000
838 843 1.3202 8.0000
838 844 1.2574 8.0000
839 842 0.9207 8.0000
839 844 1.3469 8.0000
840 843 0.8943 8.0000
840 844 0.8620 8.0000
840 845 1.2516 8.0000
840 846 1.2574 8.0000
841 844 0.9121 8.0000
841 846 1.3344 8.0000
842 845 0.8308 8.0000
842 846 0.8620 8.0000
842 847 1.4133 8.0000
842 848 1.2574 8.0000
843 846 0.8787 8.0000
843 848 1.3044 8.0000
844 847 0.9985 8.0000
844 848 0.8620 8.0000
844 849 1.3610 8.0000
844 850 1.2574 8.0000
845 848 0.8879 8.0000
845 850 1.3196 8.0000
846 849 0.9354 8.0000
846 850 0.8620 8.0000
846 851 1.3200 8.0000
846 852 1.2574 8.0000
847 850 0.9207 8.0000
847 852 1.3470 8.0000
848 851 0.8942 8.0000
848 852 0.8620 8.0000
848 853 1.2516 8.0000
848 854 1.2574 8.0000
849 852 0.9122 8.0000
849 854 1.3344 8.0000
850 853 0.8308 8.0000
850 854 0.8620 8.0000
850 855 1.4133 8.0000
850 856 1.2574 8.0000
851 854 0.8786 8.0000
851 856 1.3043 8.0000
852 855 0.9985 8.0000
852 856 0.8620 8.0000
852 857 1.3611 8.0000
852 858 1.2574 8.0000
853 856 0.8879 8.0000
853 858 1.3195 8.0000
854 857 0.9356 8.0000
854 858 0.8620 8.0000
854 859 1.3202 8.0000
854 860 1.2574 8.0000
855 858 0.9207 8.0000
855 860 1.3470 8.0000
856 859 0.8943 8.0000
856 860 0.8620 8.0000
856 861 1.2516 8.0000
856 862 1.2573 8.0000
857 860 0.9122 8.0000
857 862 1.3344 8.0000
858 861 0.8309 8.0000
858 862 0.8620 8.0000
858 863 1.4133 8.0000
858 864 1.2574 8.0000
859 862 0.8786 8.0000
859 864 1.3043 8.0000
860 863 0.9984 8.0000
860 864 0.8620 8.0000
860 865 1.3611 8.0000
860 866 1.2574 8.0000
861 864 0.8879 8.0000
861 866 1.3195 8.0000
862 865 0.9355 8.0000
862 866 0.8620 8.0000
862 867 1.3201 8.0000
862 868 1.2574 8.0000
863 866 0.9206 8.0000
863 868 1.3470 8.0000
864 867 0.8942 8.0000
864 868 0.8620 8.0000
864 869 1.2516 8.0000
864 870 1.2573 8.0000
865 868 0.9123 8.0000
865 870 1.3344 8.0000
866 869 0.8309 8.0000
866 870 0.8620 8.0000
866 871 1.4133 8.0000
866 872 1.2574 8.0000
867 870 0.8786 8.0000
867 872 1.3044 8.0000
868 871 0.9984 8.0000
868 872 0.8620 8.0000
868 873 1.3611 8.0000
868 874 1.2574 8.0000
869 872 0.8879 8.0000
869 874 1.3196 8.0000
870 873 0.9356 8.0000
870 874 0.8620 8.0000
870 875 1.3201 8.0000
870 876 1.2574 8.0000
871 874 0.9207 8.0000
871 876 1.3470 8.0000
872 875 0.8942 8.0000
872 876 0.8620 8.0000
872 877 1.2515 8.0000
872 878 1.2573 8.0000
873 876 0.9121 8.0000
873 878 1.3343 8.0000
874 877 0.8308 8.0000
874 878 0.8620 8.0000
874 879 1.4132 8.0000
874 880 1.2573 8.0000
875 878 0.8786 8.0000
875 880 1.3043 8.0000
876 879 0.9984 8.0000
876 880 0.8620 8.0000
876 881 1.3611 8.0000
876 882 1.2574 8.0000
877 880 0.8878 8.0000
877 882 1.3195 8.0000
878 881 0.9355 8.0000
878 882 0.8620 8.0000
878 883 1.3201 8.0000
878 884 1.2574 8.0000
879 882 0.9206 8.0000
879 884 1.3470 8.0000
880 883 0.8942 8.0000
880 884 0.8620 8.0000
880 885 1.2516 8.0000
880 886 1.2574 8.0000
881 884 0.9122 8.0000
881 886 1.3344 8.0000
882 885 0.8309 8.0000
882 886 0.8620 8.0000
882 887 1.4133 8.0000
882 888 1.2574 8.0000
883 886 0.8786 8.0000
883 888 1.3044 8.0000
884 887 0.9984 8.0000
884 888 0.8620 8.0000
884 889 1.3611 8.0000
884 890 1.2573 8.0000
885 888 0.8879 8.0000
885 890 1.3195 8.0000
886 889 0.9356 8.0000
886 890 0.8620 8.0000
886 891 1.3201 8.0000
886 892 1.2574 8.0000
887 890 0.9206 8.0000
887 892 1.3470 8.0000
888 891 0.8942 8.0000
888 892 0.8620 8.0000
888 893 1.2515 8.0000
888 894 1.2574 8.0000
889 892 0.9121 8.0000
889 894 1.3343 8.0000
890 893 0.8309 8.0000
890 894 0.8620 8.0000
890 895 1.4133 8.0000
890 896 1.2574 8.0000
891 894 0.8786 8.0000
891 896 1.3043 8.0000
892 895 0.9984 8.0000
892 896 0.8620 8.0000
892 897 1.3611 8.0000
892 898 1.2574 8.0000
893 896 0.8878 8.0000
893 898 1.3195 8.0000
894 897 0.9356 8.0000
894 898 0.8620 8.0000
894 899 1.3201 8.0000
894 900 1.2574 8.0000
895 898 0.9207 8.0000
895 900 1.3470 8.0000
896 899 0.8943 8.0000
896 900 0.8620 8.0000
896 901 1.2516 8.0000
896 902 1.2574 8.0000
897 900 0.9121 8.0000
897 902 1.3344 8.0000
898 901 0.8308 8.0000
898 902 0.8620 8.0000
898 903 1.4133 8.0000
898 904 1.2573 8.0000
899 902 0.8786 8.0000
899 904 1.3043 8.0000
900 903 0.9985 8.0000
900 904 0.8620 8.0000
900 905 1.3610 8.0000
900 906 1.2574 8.0000
901 904 0.8878 8.0000
901 906 1.3195 8.0000
902 905 0.9355 8.0000
902 906 0.8620 8.0000
902 907 1.3201 8.0000
902 908 1.2574 8.0000
903 906 0.9207 8.0000
903 908 1.3470 8.0000
904 907 0.8943 8.0000
904 908 0.8620 8.0000
904 909 1.2516 8.0000
904 910 1.2574 8.0000
905 908 0.9121 8.0000
905 910 1.3344 8.0000
906 909 0.8308 8.0000
906 910 0.8620 8.0000
906 911 1.4133 8.0000
906 912 1.2573 8.0000
907 910 0.8786 8.0000
907 912 1.3043 8.0000
908 911 0.9985 8.0000
908 912 0.8620 8.0000
908 913 1.3611 8.0000
908 914 1.2574 8.0000
909 912 0.8878 8.0000
909 914 1.3196 8.0000
910 913 0.9355 8.0000
910 914 0.8620 8.0000
910 915 1.3201 8.0000
910 916 1.2574 8.0000
911 914 0.9207 8.0000
911 916 1.3470 8.0000
912 915 0.8943 8.0000
912 916 0.8620 8.0000
912 917 1.2515 8.0000
912 918 1.2574 8.0000
913 916 0.9122 8.0000
913 918 1.3344 8.0000
914 917 0.8308 8.0000
914 918 0.8620 8.0000
914 919 1.4132 8.0000
914 920 1.2573 8.0000
915 918 0.8786 8.0000
915 920 1.3043 8.0000
916 919 0.9984 8.0000
916 920 0.8620 8.0000
916 921 1.3610 8.0000
916 922 1.2573 8.0000
917 920 0.8878 8.0000
917 922 1.3195 8.0000
918 921 0.9355 8.0000
918 922 0.8620 8.0000
918 923 1.3201 8.0000
918 924 1.2574 8.0000
919 922 0.9206 8.0000
919 924 1.3470 8.0000
920 923 0.8942 8.0000
920 924 0.8620 8.0000
920 925 1.2516 8.0000
920 926 1.2574 8.0000
921 924 0.9122 8.0000
921 926 1.3344 8.0000
922 925 0.8309 8.0000
922 926 0.8620 8.0000
922 927 1.4133 8.0000
922 928 1.2574 8.0000
923 926 0.8786 8.0000
923 928 1.3043 8.0000
924 927 0.9985 8.0000
924 928 0.8620 8.0000
924 929 1.3611 8.0000
924 930 1.2574 8.0000
925 928 0.8878 8.0000
925 930 1.3196 8.0000
926 929 0.9355 8.0000
926 930 0.8620 8.0000
926 931 1.3201 8.0000
926 932 1.2573 8.0000
927 930 0.9207 8.0000
927 932 1.3470 8.0000
928 931 0.8942 8.0000
928 932 0.8620 8.0000
928 933 1.2516 8.0000
928 934 1.2574 8.0000
929 932 0.9121 8.0000
929 934 1.3343 8.0000
930 933 0.8308 8.0000
930 934 0.8620 8.0000
930 935 1.4132 8.0000
930 936 1.2574 8.0000
931 934 0.8786 8.0000
931 936 1.3043 8.0000
932 935 0.9985 8.0000
932 936 0.8620 8.0000
932 937 1.3611 8.0000
932 938 1.2574 8.0000
933 936 0.8878 8.0000
933 938 1.3195 8.0000
934 937 0.9355 8.0000
934 938 0.8620 8.0000
934 939 1.3201 8.0000
934 940 1.2574 8.0000
935 938 0.9206 8.0000
935 940 1.3470 8.0000
936 939 0.8942 8.0000
936 940 0.8620 8.0000
936 941 1.2516 8.0000
936 942 1.2574 8.0000
937 940 0.9121 8.0000
937 942 1.3343 8.0000
938 941 0.8309 8.0000
938 942 0.8620 8.0000
938 943 1.4133 8.0000
938 944 1.2574 8.0000
939 942 0.8786 8.0000
939 944 1.3043 8.0000
940 943 0.9984 8.0000
940 944 0.8620 8.0000
940 945 1.3611 8.0000
940 946 1.2573 8.0000
941 944 0.8879 8.0000
941 946 1.3195 8.0000
942 945 0.9356 8.0000
942 946 0.8620 8.0000
942 947 1.3201 8.0000
942 948 1.2574 8.0000
943 946 0.9207 8.0000
943 948 1.3470 8.0000
944 947 0.8942 8.0000
944 948 0.8620 8.0000
944 949 1.2516 8.0000
944 950 1.2574 8.0000
945 948 0.9121 8.0000
945 950 1.3343 8.0000
946 949 0.8308 8.0000
946 950 0.8620 8.0000
946 951 1.4133 8.0000
946 952 1.2574 8.0000
947 950 0.8786 8.0000
947 952 1.3044 8.0000
948 951 0.9985 8.0000
948 952 0.8620 8.0000
948 953 1.3611 8.0000
948 954 1.2573 8.0000
949 952 0.8879 8.0000
949 954 1.3195 8.0000
950 953 0.9356 8.0000
950 954 0.8620 8.0000
950 955 1.3202 8.0000
950 956 1.2574 8.0000
951 954 0.9207 8.0000
951 956 1.3471 8.0000
952 955 0.8942 8.0000
952 956 0.8620 8.0000
952 957 1.2515 8.0000
952 958 1.2574 8.0000
953 956 0.9121 8.0000
953 958 1.3343 8.0000
954 957 0.8308 8.0000
954 958 0.8620 8.0000
954 959 1.4133 8.0000
954 960 1.2574 8.0000
955 958 0.8786 8.0000
955 960 1.3043 8.0000
956 959 0.9984 8.0000
956 960 0.8620 8.0000
956 961 1.3610 8.0000
956 962 1.2573 8.0000
957 960 0.8879 8.0000
957 962 1.3195 8.0000
958 961 0.9355 8.0000
958 962 0.8620 8.0000
958 963 1.3201 8.0000
958 964 1.2573 8.0000
959 962 0.9207 8.0000
959 964 1.3470 8.0000
960 963 0.8942 8.0000
960 964 0.8620 8.0000
960 965 1.2516 8.0000
960 966 1.2574 8.0000
961 964 0.9122 8.0000
961 966 1.3344 8.0000
962 965 0.8308 8.0000
962 966 0.8620 8.0000
962 967 1.4133 8.0000
962 968 1.2574 8.0000
963 966 0.8786 8.0000
963 968 1.3043 8.0000
964 967 0.9985 8.0000
964 968 0.8620 8.0000
964 969 1.3612 8.0000
964 970 1.2574 8.0000
965 968 0.8879 8.0000
965 970 1.3195 8.0000
966 969 0.9356 8.0000
966 970 0.8620 8.0000
966 971 1.3201 8.0000
966 972 1.2574 8.0000
967 970 0.9206 8.0000
967 972 1.3470 8.0000
968 971 0.8942 8.0000
968 972 0.8620 8.0000
968 973 1.2515 8.0000
968 974 1.2574 8.0000
969 972 0.9122 8.0000
969 974 1.3344 8.0000
970 973 0.8309 8.0000
970 974 0.8620 8.0000
970 975 1.4133 8.0000
970 976 1.2574 8.0000
971 974 0.8786 8.0000
971 976 1.3043 8.0000
972 975 0.9984 8.0000
972 976 0.8620 8.0000
972 977 1.3610 8.0000
972 978 1.2574 8.0000
973 976 0.8879 8.0000
973 978 1.3196 8.0000
974 977 0.9355 8.0000
974 978 0.8620 8.0000
974 979 1.3201 8.0000
974 980 1.2574 8.0000
975 978 0.9206 8.0000
975 980 1.3470 8.0000
976 979 0.8942 8.0000
976 980 0.8620 8.0000
976 981 1.2516 8.0000
976 982 1.2574 8.0000
977 980 0.9120 8.0000
977 982 1.3343 8.0000
978 981 0.8308 8.0000
978 982 0.8620 8.0000
978 983 1.4133 8.0000
978 984 1.2574 8.0000
979 982 0.8786 8.0000
979 984 1.3043 8.0000
980 983 0.9985 8.0000
980 984 0.8620 8.0000
980 985 1.3611 8.0000
980 986 1.2574 8.0000
981 984 0.8878 8.0000
981 986 1.3195 8.0000
982 985 0.9355 8.0000
982 986 0.8620 8.0000
982 987 1.3201 8.0000
982 988 1.2573 8.0000
983 986 0.9207 8.0000
983 988 1.3470 8.0000
984 987 0.8942 8.0000
984 988 0.8620 8.0000
984 989 1.2516 8.0000
984 990 1.2574 8.0000
985 988 0.9122 8.0000
985 990 1.3344 8.0000
986 989 0.8308 8.0000
986 990 0.8620 8.0000
986 991 1.4133 8.0000
986 992 1.2574 8.0000
987 990 0.8787 8.0000
987 992 1.3043 8.0000
988 991 0.9985 8.0000
988 992 0.8620 8.0000
988 993 1.3611 8.0000
988 994 1.2574 8.0000
989 992 0.8878 8.0000
989 994 1.3196 8.0000
990 993 0.9355 8.0000
990 994 0.8620 8.0000
990 995 1.3201 8.0000
990 996 1.2573 8.0000
991 994 0.9207 8.0000
991 996 1.3470 8.0000
992 995 0.8943 8.0000
992 996 0.8620 8.0000
992 997 1.2516 8.0000
992 998 1.2574 8.0000
993 996 0.9121 8.0000
993 998 1.3343 8.0000
994 997 0.8308 8.0000
994 998 0.8620 8.0000
994 999 1.4132 8.0000
994 1000 1.2574 8.0000
995 998 0.8787 8.0000
995 1000 1.3044 8.0000
996 999 0.9985 8.0000
996 1000 0.8620 8.0000
996 1001 1.3611 8.0000
996 1002 1.2574 8.0000
997 1000 0.8879 8.0000
997 1002 1.3195 8.0000
998 1001 0.9355 8.0000
998 1002 0.8620 8.0000
998 1003 1.3200 8.0000
998 1004 1.2573 8.0000
999 1002 0.9207 8.0000
999 1004 1.3470 8.0000
1000 1003 0.8941 8.0000
1000 1004 0.8620 8.0000
1000 1005 1.2515 8.0000
1000 1006 1.2573 8.0000
1001 1004 0.9121 8.0000
1001 1006 1.3343 8.0000
1002 1005 0.8308 8.0000
1002 1006 0.8620 8.0000
1002 1007 1.4133 8.0000
1002 1008 1.2574 8.0000
1003 1006 0.8786 8.0000
1003 1008 1.3043 8.0000
1004 1007 0.9985 8.0000
1004 1008 0.8620 8.0000
1004 1009 1.3611 8.0000
1004 1010 1.2574 8.0000
1005 1008 0.8878 8.0000
1005 1010 1.3195 8.0000
1006 1009 0.9356 8.0000
1006 1010 0.8620 8.0000
1006 1011 1.3202 8.0000
1006 1012 1.2574 8.0000
1007 1010 0.9207 8.0000
1007 1012 1.3469 8.0000
1008 1011 0.8943 8.0000
1008 1012 0.8620 8.0000
1008 1013 1.2516 8.0000
1008 1014 1.2574 8.0000
1009 1012 0.9121 8.0000
1009 1014 1.3344 8.0000
1010 1013 0.8308 8.0000
1010 1014 0.8620 8.0000
1010 1015 1.4133 8.0000
1010 1016 1.2574 8.0000
1011 1014 0.8787 8.0000
1011 1016 1.3044 8.0000
1012 1015 0.9985 8.0000
1012 1016 0.8620 8.0000
1012 1017 1.3611 8.0000
1012 1018 1.2574 8.0000
1013 1016 0.8879 8.0000
1013 1018 1.3196 8.0000
1014 1017 0.9355 8.0000
1014 1018 0.8620 8.0000
1014 1019 1.3200 8.0000
1014 1020 1.2574 8.0000
1015 1018 0.9207 8.0000
1015 1020 1.3470 8.0000
1016 1019 0.8942 8.0000
1016 1020 0.8620 8.0000
1016 1021 1.2516 8.0000
1016 1022 1.2574 8.0000
1017 1020 0.9121 8.0000
1017 1022 1.3343 8.0000
1018 1021 0.8308 8.0000
1018 1022 0.8620 8.0000
1018 1023 1.4133 8.0000
1018 1024 1.2574 8.0000
1019 1022 0.8786 8.0000
1019 1024 1.3043 8.0000
1020 1023 0.9985 8.0000
1020 1024 0.8620 8.0000
1020 1025 1.3611 8.0000
1020 1026 1.2574 8.0000
1021 1024 0.8879 8.0000
1021 1026 1.3195 8.0000
1022 1025 0.9356 8.0000
1022 1026 0.8620 8.0000
1022 1027 1.3202 8.0000
1022 1028 1.2574 8.0000
1023 1026 0.9207 8.0000
1023 1028 1.3470 8.0000
1024 1027 0.8943 8.0000
1024 1028 0.8620 8.0000
1024 1029 1.2516 8.0000
1024 1030 1.2573 8.0000
1025 1028 0.9122 8.0000
1025 1030 1.3344 8.0000
1026 1029 0.8309 8.0000
1026 1030 0.8620 8.0000
1026 1031 1.4133 8.0000
1026 1032 1.2574 8.0000
1027 1030 0.8786 8.0000
1027 1032 1.3043 8.0000
1028 1031 0.9984 8.0000
1028 1032 0.8620 8.0000
1028 1033 1.3611 8.0000
1028 1034 1.2574 8.0000
1029 1032 0.8879 8.0000
1029 1034 1.3195 8.0000
1030 1033 0.9356 8.0000
1030 1034 0.8620 8.0000
1030 1035 1.3201 8.0000
1030 1036 1.2574 8.0000
1031 1034 0.9206 8.0000
1031 1036 1.3470 8.0000
1032 1035 0.8942 8.0000
1032 1036 0.8620 8.0000
1032 1037 1.2516 8.0000
1032 1038 1.2573 8.0000
1033 1036 0.9122 8.0000
1033 1038 1.3344 8.0000
1034 1037 0.8309 8.0000
1034 1038 0.8620 8.0000
1034 1039 1.4133 8.0000
1034 1040 1.2574 8.0000
1035 1038 0.8786 8.0000
1035 1040 1.3044 8.0000
1036 1039 0.9984 8.0000
1036 1040 0.8620 8.0000
1036 1041 1.3611 8.0000
1036 1042 1.2574 8.0000
1037 1040 0.8879 8.0000
1037 1042 1.3196 8.0000
1038 1041 0.9356 8.0000
1038 1042 0.8620 8.0000
1038 1043 1.3201 8.0000
1038 1044 1.2574 8.0000
1039 1042 0.9207 8.0000
1039 1044 1.3470 8.0000
1040 1043 0.8942 8.0000
1040 1044 0.8620 8.0000
1040 1045 1.2515 8.0000
1040 1046 1.2573 8.0000
1041 1044 0.9121 8.0000
1041 1046 1.3343 8.0000
1042 1045 0.8308 8.0000
1042 1046 0.8620 8.0000
1042 1047 1.4132 8.0000
1042 1048 1.2573 8.0000
1043 1046 0.8786 8.0000
1043 1048 1.3043 8.0000
1044 1047 0.9984 8.0000
1044 1048 0.8620 8.0000
1044 1049 1.3611 8.0000
1044 1050 1.2574 8.0000
1045 1048 0.8878 8.0000
1045 1050 1.3195 8.0000
1046 1049 0.9356 8.0000
1046 1050 0.8620 8.0000
1046 1051 1.3201 8.0000
1046 1052 1.2574 8.0000
1047 1050 0.9206 8.0000
1047 1052 1.3470 8.0000
1048 1051 0.8942 8.0000
1048 1052 0.8620 8.0000
1048 1053 1.2516 8.0000
1048 1054 1.2574 8.0000
1049 1052 0.9121 8.0000
1049 1054 1.3343 8.0000
1050 1053 0.8309 8.0000
1050 1054 0.8620 8.0000
1050 1055 1.4133 8.0000
1050 1056 1.2574 8.0000
1051 1054 0.8786 8.0000
1051 1056 1.3044 8.0000
1052 1055 0.9984 8.0000
1052 1056 0.8620 8.0000
1052 1057 1.3611 8.0000
1052 1058 1.2573 8.0000
1053 1056 0.8879 8.0000
1053 1058 1.3195 8.0000
1054 1057 0.9356 8.0000
1054 1058 0.8620 8.0000
1054 1059 1.3201 8.0000
1054 1060 1.2574 8.0000
1055 1058 0.9206 8.0000
1055 1060 1.3470 8.0000
1056 1059 0.8942 8.0000
1056 1060 0.8620 8.0000
1056 1061 1.2515 8.0000
1056 1062 1.2574 8.0000
1057 1060 0.9121 8.0000
1057 1062 1.3343 8.0000
1058 1061 0.8309 8.0000
1058 1062 0.8620 8.0000
1058 1063 1.4133 8.0000
1058 1064 1.2574 8.0000
1059 1062 0.8786 8.0000
1059 1064 1.3043 8.0000
1060 1063 0.9984 8.0000
1060 1064 0.8620 8.0000
1060 1065 1.3611 8.0000
1060 1066 1.2574 8.0000
1061 1064 0.8878 8.0000
1061 1066 1.3195 8.0000
1062 1065 0.9356 8.0000
1062 1066 0.8620 8.0000
1062 1067 1.3201 8.0000
1062 1068 1.2574 8.0000
1063 1066 0.9207 8.0000
1063 1068 1.3470 8.0000
1064 1067 0.8943 8.0000
1064 1068 0.8620 8.0000
1064 1069 1.2516 8.0000
1064 1070 1.2574 8.0000
1065 1068 0.9121 8.0000
1065 1070 1.3344 8.0000
1066 1069 0.8308 8.0000
1066 1070 0.8620 8.0000
1066 1071 1.4133 8.0000
1066 1072 1.2573 8.0000
1067 1070 0.8786 8.0000
1067 1072 1.3043 8.0000
1068 1071 0.9985 8.0000
1068 1072 0.8620 8.0000
1068 1073 1.3611 8.0000
1068 1074 1.2574 8.0000
1069 1072 0.8879 8.0000
1069 1074 1.3195 8.0000
1070 1073 0.9355 8.0000
1070 1074 0.8620 8.0000
1070 1075 1.3201 8.0000
1070 1076 1.2574 8.0000
1071 1074 0.9207 8.0000
1071 1076 1.3470 8.0000
1072 1075 0.8943 8.0000
1072 1076 0.8620 8.0000
1072 1077 1.2516 8.0000
1072 1078 1.2574 8.0000
1073 1076 0.9121 8.0000
1073 1078 1.3343 8.0000
1074 1077 0.8308 8.0000
1074 1078 0.8620 8.0000
1074 1079 1.4133 8.0000
1074 1080 1.2573 8.0000
1075 1078 0.8786 8.0000
1075 1080 1.3043 8.0000
1076 1079 0.9985 8.0000
1076 1080 0.8620 8.0000
1076 1081 1.3611 8.0000
1076 1082 1.2574 8.0000
1077 1080 0.8878 8.0000
1077 1082 1.3196 8.0000
1078 1081 0.9355 8.0000
1078 1082 0.8620 8.0000
1078 1083 1.3201 8.0000
1078 1084 1.2574 8.0000
1079 1082 0.9207 8.0000
1079 1084 1.3470 8.0000
1080 1083 0.8943 8.0000
1080 1084 0.8620 8.0000
1080 1085 1.2515 8.0000
1080 1086 1.2574 8.0000
1081 1084 0.9122 8.0000
1081 1086 1.3343 8.0000
1082 1085 0.8308 8.0000
1082 1086 0.8620 8.0000
1082 1087 1.4132 8.0000
1082 1088 1.2573 8.0000
1083 1086 0.8786 8.0000
1083 1088 1.3043 8.0000
1084 1087 0.9984 8.0000
1084 1088 0.8620 8.0000
1084 1089 1.3611 8.0000
1084 1090 1.2573 8.0000
1085 1088 0.8878 8.0000
1085 1090 1.3195 8.0000
1086 1089 0.9356 8.0000
1086 1090 0.8620 8.0000
1086 1091 1.3201 8.0000
1086 1092 1.2574 8.0000
1087 1090 0.9206 8.0000
1087 1092 1.3470 8.0000
1088 1091 0.8942 8.0000
1088 1092 0.8620 8.0000
1088 1093 1.2516 8.0000
1088 1094 1.2574 8.0000
1089 1092 0.9121 8.0000
1089 1094 1.3344 8.0000
1090 1093 0.8309 8.0000
1090 1094 0.8620 8.0000
1090 1095 1.4133 8.0000
1090 1096 1.2574 8.0000
1091 1094 0.8786 8.0000
1091 1096 1.3043 8.0000
1092 1095 0.9985 8.0000
1092 1096 0.8620 8.0000
1092 1097 1.3611 8.0000
1092 1098 1.2574 8.0000
1093 1096 0.8878 8.0000
1093 1098 1.3196 8.0000
1094 1097 0.9355 8.0000
1094 1098 0.8620 8.0000
1094 1099 1.3201 8.0000
1094 1100 1.2573 8.0000
1095 1098 0.9207 8.0000
1095 1100 1.3470 8.0000
1096 1099 0.8942 8.0000
1096 1100 0.8620 8.0000
1096 1101 1.2516 8.0000
1096 1102 1.2574 8.0000
1097 1100 0.9121 8.0000
1097 1102 1.3343 8.0000
1098 1101 0.8308 8.0000
1098 1102 0.8620 8.0000
1098 1103 1.4132 8.0000
1098 1104 1.2574 8.0000
1099 1102 0.8786 8.0000
1099 1104 1.3043 8.0000
1100 1103 0.9985 8.0000
1100 1104 0.8620 8.0000
1100 1105 1.3611 8.0000
1100 1106 1.2574 8.0000
1101 1104 0.8878 8.0000
1101 1106 1.3195 8.0000
1102 1105 0.9355 8.0000
1102 1106 0.8620 8.0000
1102 1107 1.3201 8.0000
1102 1108 1.2574 8.0000
1103 1106 0.9206 8.0000
1103 1108 1.3470 8.0000
1104 1107 0.8942 8.0000
1104 1108 0.8620 8.0000
1104 1109 1.2516 8.0000
1104 1110 1.2574 8.0000
1105 1108 0.9121 8.0000
1105 1110 1.3343 8.0000
1106 1109 0.8309 8.0000
1106 1110 0.8620 8.0000
1106 1111 1.4133 8.0000
1106 1112 1.2574 8.0000
1107 1110 0.8786 8.0000
1107 1112 1.3043 8.0000
1108 1111 0.9984 8.0000
1108 1112 0.8620 8.0000
1108 1113 1.3611 8.0000
1108 1114 1.2573 8.0000
1109 1112 0.8879 8.0000
1109 1114 1.3195 8.0000
1110 1113 0.9356 8.0000
1110 1114 0.8620 8.0000
1110 1115 1.3201 8.0000
1110 1116 1.2574 8.0000
1111 1114 0.9207 8.0000
1111 1116 1.3470 8.0000
1112 1115 0.8942 8.0000
1112 1116 0.8620 8.0000
1112 1117 1.2515 8.0000
1112 1118 1.2574 8.0000
1113 1116 0.9121 8.0000
1113 1118 1.3343 8.0000
1114 1117 0.8308 8.0000
1114 1118 0.8620 8.0000
1114 1119 1.4133 8.0000
1114 1120 1.2574 8.0000
1115 1118 0.8786 8.0000
1115 1120 1.3044 8.0000
1116 1119 0.9985 8.0000
1116 1120 0.8620 8.0000
1117 1120 0.8879 8.0000
